date,new_cases,new_cases_smoothed,total_cases
2020-01-05,1.0,,1.0
2020-01-06,0.0,,1.0
2020-01-07,0.0,,1.0
2020-01-08,0.0,,1.0
2020-01-09,0.0,,1.0
2020-01-10,0.0,0.143,1.0
2020-01-11,0.0,0.143,1.0
2020-01-12,0.0,0.0,1.0
2020-01-13,0.0,0.0,1.0
2020-01-14,0.0,0.0,1.0
2020-01-15,0.0,0.0,1.0
2020-01-16,0.0,0.0,1.0
2020-01-17,0.0,0.0,1.0
2020-01-18,0.0,0.0,1.0
2020-01-19,0.0,0.0,1.0
2020-01-20,0.0,0.0,1.0
2020-01-21,0.0,0.0,1.0
2020-01-22,0.0,0.0,1.0
2020-01-23,0.0,0.0,1.0
2020-01-24,0.0,0.0,1.0
2020-01-25,0.0,0.0,1.0
2020-01-26,1.0,0.143,2.0
2020-01-27,0.0,0.143,2.0
2020-01-28,0.0,0.143,2.0
2020-01-29,0.0,0.143,2.0
2020-01-30,0.0,0.143,2.0
2020-01-31,0.0,0.143,2.0
2020-02-01,0.0,0.143,2.0
2020-02-02,9.0,1.286,11.0
2020-02-03,0.0,1.286,11.0
2020-02-04,0.0,1.286,11.0
2020-02-05,0.0,1.286,11.0
2020-02-06,0.0,1.286,11.0
2020-02-07,0.0,1.286,11.0
2020-02-08,0.0,1.286,11.0
2020-02-09,9.0,1.286,20.0
2020-02-10,0.0,1.286,20.0
2020-02-11,0.0,1.286,20.0
2020-02-12,0.0,1.286,20.0
2020-02-13,0.0,1.286,20.0
2020-02-14,0.0,1.286,20.0
2020-02-15,0.0,1.286,20.0
2020-02-16,5.0,0.714,25.0
2020-02-17,0.0,0.714,25.0
2020-02-18,0.0,0.714,25.0
2020-02-19,0.0,0.714,25.0
2020-02-20,0.0,0.714,25.0
2020-02-21,0.0,0.714,25.0
2020-02-22,0.0,0.714,25.0
2020-02-23,6.0,0.857,31.0
2020-02-24,0.0,0.857,31.0
2020-02-25,0.0,0.857,31.0
2020-02-26,0.0,0.857,31.0
2020-02-27,0.0,0.857,31.0
2020-02-28,0.0,0.857,31.0
2020-02-29,0.0,0.857,31.0
2020-03-01,139.0,19.857,170.0
2020-03-02,0.0,19.857,170.0
2020-03-03,0.0,19.857,170.0
2020-03-04,0.0,19.857,170.0
2020-03-05,0.0,19.857,170.0
2020-03-06,0.0,19.857,170.0
2020-03-07,0.0,19.857,170.0
2020-03-08,905.0,129.286,1075.0
2020-03-09,0.0,129.286,1075.0
2020-03-10,0.0,129.286,1075.0
2020-03-11,0.0,129.286,1075.0
2020-03-12,0.0,129.286,1075.0
2020-03-13,0.0,129.286,1075.0
2020-03-14,0.0,129.286,1075.0
2020-03-15,6441.0,920.143,7516.0
2020-03-16,0.0,920.143,7516.0
2020-03-17,0.0,920.143,7516.0
2020-03-18,0.0,920.143,7516.0
2020-03-19,0.0,920.143,7516.0
2020-03-20,0.0,920.143,7516.0
2020-03-21,0.0,920.143,7516.0
2020-03-22,22407.0,3201.0,29923.0
2020-03-23,0.0,3201.0,29923.0
2020-03-24,0.0,3201.0,29923.0
2020-03-25,0.0,3201.0,29923.0
2020-03-26,0.0,3201.0,29923.0
2020-03-27,0.0,3201.0,29923.0
2020-03-28,0.0,3201.0,29923.0
2020-03-29,33981.0,4854.429,63904.0
2020-03-30,0.0,4854.429,63904.0
2020-03-31,0.0,4854.429,63904.0
2020-04-01,0.0,4854.429,63904.0
2020-04-02,0.0,4854.429,63904.0
2020-04-03,0.0,4854.429,63904.0
2020-04-04,0.0,4854.429,63904.0
2020-04-05,36067.0,5152.429,99971.0
2020-04-06,0.0,5152.429,99971.0
2020-04-07,0.0,5152.429,99971.0
2020-04-08,0.0,5152.429,99971.0
2020-04-09,0.0,5152.429,99971.0
2020-04-10,0.0,5152.429,99971.0
2020-04-11,0.0,5152.429,99971.0
2020-04-12,27145.0,3877.857,127116.0
2020-04-13,0.0,3877.857,127116.0
2020-04-14,0.0,3877.857,127116.0
2020-04-15,0.0,3877.857,127116.0
2020-04-16,0.0,3877.857,127116.0
2020-04-17,0.0,3877.857,127116.0
2020-04-18,0.0,3877.857,127116.0
2020-04-19,17345.0,2477.857,144461.0
2020-04-20,0.0,2477.857,144461.0
2020-04-21,0.0,2477.857,144461.0
2020-04-22,0.0,2477.857,144461.0
2020-04-23,0.0,2477.857,144461.0
2020-04-24,0.0,2477.857,144461.0
2020-04-25,0.0,2477.857,144461.0
2020-04-26,12351.0,1764.429,156812.0
2020-04-27,0.0,1764.429,156812.0
2020-04-28,0.0,1764.429,156812.0
2020-04-29,0.0,1764.429,156812.0
2020-04-30,0.0,1764.429,156812.0
2020-05-01,0.0,1764.429,156812.0
2020-05-02,0.0,1764.429,156812.0
2020-05-03,7442.0,1063.143,164254.0
2020-05-04,0.0,1063.143,164254.0
2020-05-05,0.0,1063.143,164254.0
2020-05-06,0.0,1063.143,164254.0
2020-05-07,0.0,1063.143,164254.0
2020-05-08,0.0,1063.143,164254.0
2020-05-09,0.0,1063.143,164254.0
2020-05-10,6243.0,891.857,170497.0
2020-05-11,0.0,891.857,170497.0
2020-05-12,0.0,891.857,170497.0
2020-05-13,0.0,891.857,170497.0
2020-05-14,0.0,891.857,170497.0
2020-05-15,0.0,891.857,170497.0
2020-05-16,0.0,891.857,170497.0
2020-05-17,4775.0,682.143,175272.0
2020-05-18,0.0,682.143,175272.0
2020-05-19,0.0,682.143,175272.0
2020-05-20,0.0,682.143,175272.0
2020-05-21,0.0,682.143,175272.0
2020-05-22,0.0,682.143,175272.0
2020-05-23,0.0,682.143,175272.0
2020-05-24,3604.0,514.857,178876.0
2020-05-25,0.0,514.857,178876.0
2020-05-26,0.0,514.857,178876.0
2020-05-27,0.0,514.857,178876.0
2020-05-28,0.0,514.857,178876.0
2020-05-29,0.0,514.857,178876.0
2020-05-30,0.0,514.857,178876.0
2020-05-31,3206.0,458.0,182082.0
2020-06-01,0.0,458.0,182082.0
2020-06-02,0.0,458.0,182082.0
2020-06-03,0.0,458.0,182082.0
2020-06-04,0.0,458.0,182082.0
2020-06-05,0.0,458.0,182082.0
2020-06-06,0.0,458.0,182082.0
2020-06-07,2354.0,336.286,184436.0
2020-06-08,0.0,336.286,184436.0
2020-06-09,0.0,336.286,184436.0
2020-06-10,0.0,336.286,184436.0
2020-06-11,0.0,336.286,184436.0
2020-06-12,0.0,336.286,184436.0
2020-06-13,0.0,336.286,184436.0
2020-06-14,2348.0,335.429,186784.0
2020-06-15,0.0,335.429,186784.0
2020-06-16,0.0,335.429,186784.0
2020-06-17,0.0,335.429,186784.0
2020-06-18,0.0,335.429,186784.0
2020-06-19,0.0,335.429,186784.0
2020-06-20,0.0,335.429,186784.0
2020-06-21,4192.0,598.857,190976.0
2020-06-22,0.0,598.857,190976.0
2020-06-23,0.0,598.857,190976.0
2020-06-24,0.0,598.857,190976.0
2020-06-25,0.0,598.857,190976.0
2020-06-26,0.0,598.857,190976.0
2020-06-27,0.0,598.857,190976.0
2020-06-28,3167.0,452.429,194143.0
2020-06-29,0.0,452.429,194143.0
2020-06-30,0.0,452.429,194143.0
2020-07-01,0.0,452.429,194143.0
2020-07-02,0.0,452.429,194143.0
2020-07-03,0.0,452.429,194143.0
2020-07-04,0.0,452.429,194143.0
2020-07-05,2691.0,384.429,196834.0
2020-07-06,0.0,384.429,196834.0
2020-07-07,0.0,384.429,196834.0
2020-07-08,0.0,384.429,196834.0
2020-07-09,0.0,384.429,196834.0
2020-07-10,0.0,384.429,196834.0
2020-07-11,0.0,384.429,196834.0
2020-07-12,2429.0,347.0,199263.0
2020-07-13,0.0,347.0,199263.0
2020-07-14,0.0,347.0,199263.0
2020-07-15,0.0,347.0,199263.0
2020-07-16,0.0,347.0,199263.0
2020-07-17,0.0,347.0,199263.0
2020-07-18,0.0,347.0,199263.0
2020-07-19,3044.0,434.857,202307.0
2020-07-20,0.0,434.857,202307.0
2020-07-21,0.0,434.857,202307.0
2020-07-22,0.0,434.857,202307.0
2020-07-23,0.0,434.857,202307.0
2020-07-24,0.0,434.857,202307.0
2020-07-25,0.0,434.857,202307.0
2020-07-26,3936.0,562.286,206243.0
2020-07-27,0.0,562.286,206243.0
2020-07-28,0.0,562.286,206243.0
2020-07-29,0.0,562.286,206243.0
2020-07-30,0.0,562.286,206243.0
2020-07-31,0.0,562.286,206243.0
2020-08-01,0.0,562.286,206243.0
2020-08-02,4843.0,691.857,211086.0
2020-08-03,0.0,691.857,211086.0
2020-08-04,0.0,691.857,211086.0
2020-08-05,0.0,691.857,211086.0
2020-08-06,0.0,691.857,211086.0
2020-08-07,0.0,691.857,211086.0
2020-08-08,0.0,691.857,211086.0
2020-08-09,6067.0,866.714,217153.0
2020-08-10,0.0,866.714,217153.0
2020-08-11,0.0,866.714,217153.0
2020-08-12,0.0,866.714,217153.0
2020-08-13,0.0,866.714,217153.0
2020-08-14,0.0,866.714,217153.0
2020-08-15,0.0,866.714,217153.0
2020-08-16,7971.0,1138.714,225124.0
2020-08-17,0.0,1138.714,225124.0
2020-08-18,0.0,1138.714,225124.0
2020-08-19,0.0,1138.714,225124.0
2020-08-20,0.0,1138.714,225124.0
2020-08-21,0.0,1138.714,225124.0
2020-08-22,0.0,1138.714,225124.0
2020-08-23,9580.0,1368.571,234704.0
2020-08-24,0.0,1368.571,234704.0
2020-08-25,0.0,1368.571,234704.0
2020-08-26,0.0,1368.571,234704.0
2020-08-27,0.0,1368.571,234704.0
2020-08-28,0.0,1368.571,234704.0
2020-08-29,0.0,1368.571,234704.0
2020-08-30,8844.0,1263.429,243548.0
2020-08-31,0.0,1263.429,243548.0
2020-09-01,0.0,1263.429,243548.0
2020-09-02,0.0,1263.429,243548.0
2020-09-03,0.0,1263.429,243548.0
2020-09-04,0.0,1263.429,243548.0
2020-09-05,0.0,1263.429,243548.0
2020-09-06,8609.0,1229.857,252157.0
2020-09-07,0.0,1229.857,252157.0
2020-09-08,0.0,1229.857,252157.0
2020-09-09,0.0,1229.857,252157.0
2020-09-10,0.0,1229.857,252157.0
2020-09-11,0.0,1229.857,252157.0
2020-09-12,0.0,1229.857,252157.0
2020-09-13,9785.0,1397.857,261942.0
2020-09-14,0.0,1397.857,261942.0
2020-09-15,0.0,1397.857,261942.0
2020-09-16,0.0,1397.857,261942.0
2020-09-17,0.0,1397.857,261942.0
2020-09-18,0.0,1397.857,261942.0
2020-09-19,0.0,1397.857,261942.0
2020-09-20,12285.0,1755.0,274227.0
2020-09-21,0.0,1755.0,274227.0
2020-09-22,0.0,1755.0,274227.0
2020-09-23,0.0,1755.0,274227.0
2020-09-24,0.0,1755.0,274227.0
2020-09-25,0.0,1755.0,274227.0
2020-09-26,0.0,1755.0,274227.0
2020-09-27,13064.0,1866.286,287291.0
2020-09-28,0.0,1866.286,287291.0
2020-09-29,0.0,1866.286,287291.0
2020-09-30,0.0,1866.286,287291.0
2020-10-01,0.0,1866.286,287291.0
2020-10-02,0.0,1866.286,287291.0
2020-10-03,0.0,1866.286,287291.0
2020-10-04,15946.0,2278.0,303237.0
2020-10-05,0.0,2278.0,303237.0
2020-10-06,0.0,2278.0,303237.0
2020-10-07,0.0,2278.0,303237.0
2020-10-08,0.0,2278.0,303237.0
2020-10-09,0.0,2278.0,303237.0
2020-10-10,0.0,2278.0,303237.0
2020-10-11,26145.0,3735.0,329382.0
2020-10-12,0.0,3735.0,329382.0
2020-10-13,0.0,3735.0,329382.0
2020-10-14,0.0,3735.0,329382.0
2020-10-15,0.0,3735.0,329382.0
2020-10-16,0.0,3735.0,329382.0
2020-10-17,0.0,3735.0,329382.0
2020-10-18,42031.0,6004.429,371413.0
2020-10-19,0.0,6004.429,371413.0
2020-10-20,0.0,6004.429,371413.0
2020-10-21,0.0,6004.429,371413.0
2020-10-22,0.0,6004.429,371413.0
2020-10-23,0.0,6004.429,371413.0
2020-10-24,0.0,6004.429,371413.0
2020-10-25,74792.0,10684.571,446205.0
2020-10-26,0.0,10684.571,446205.0
2020-10-27,0.0,10684.571,446205.0
2020-10-28,0.0,10684.571,446205.0
2020-10-29,0.0,10684.571,446205.0
2020-10-30,0.0,10684.571,446205.0
2020-10-31,0.0,10684.571,446205.0
2020-11-01,111009.0,15858.429,557214.0
2020-11-02,0.0,15858.429,557214.0
2020-11-03,0.0,15858.429,557214.0
2020-11-04,0.0,15858.429,557214.0
2020-11-05,0.0,15858.429,557214.0
2020-11-06,0.0,15858.429,557214.0
2020-11-07,0.0,15858.429,557214.0
2020-11-08,125692.0,17956.0,682906.0
2020-11-09,0.0,17956.0,682906.0
2020-11-10,0.0,17956.0,682906.0
2020-11-11,0.0,17956.0,682906.0
2020-11-12,0.0,17956.0,682906.0
2020-11-13,0.0,17956.0,682906.0
2020-11-14,0.0,17956.0,682906.0
2020-11-15,127862.0,18266.0,810768.0
2020-11-16,0.0,18266.0,810768.0
2020-11-17,0.0,18266.0,810768.0
2020-11-18,0.0,18266.0,810768.0
2020-11-19,0.0,18266.0,810768.0
2020-11-20,0.0,18266.0,810768.0
2020-11-21,0.0,18266.0,810768.0
2020-11-22,128400.0,18342.857,939168.0
2020-11-23,0.0,18342.857,939168.0
2020-11-24,0.0,18342.857,939168.0
2020-11-25,0.0,18342.857,939168.0
2020-11-26,0.0,18342.857,939168.0
2020-11-27,0.0,18342.857,939168.0
2020-11-28,0.0,18342.857,939168.0
2020-11-29,123122.0,17588.857,1062290.0
2020-11-30,0.0,17588.857,1062290.0
2020-12-01,0.0,17588.857,1062290.0
2020-12-02,0.0,17588.857,1062290.0
2020-12-03,0.0,17588.857,1062290.0
2020-12-04,0.0,17588.857,1062290.0
2020-12-05,0.0,17588.857,1062290.0
2020-12-06,128258.0,18322.571,1190548.0
2020-12-07,0.0,18322.571,1190548.0
2020-12-08,0.0,18322.571,1190548.0
2020-12-09,0.0,18322.571,1190548.0
2020-12-10,0.0,18322.571,1190548.0
2020-12-11,0.0,18322.571,1190548.0
2020-12-12,0.0,18322.571,1190548.0
2020-12-13,156213.0,22316.143,1346761.0
2020-12-14,0.0,22316.143,1346761.0
2020-12-15,0.0,22316.143,1346761.0
2020-12-16,0.0,22316.143,1346761.0
2020-12-17,0.0,22316.143,1346761.0
2020-12-18,0.0,22316.143,1346761.0
2020-12-19,0.0,22316.143,1346761.0
2020-12-20,174589.0,24941.286,1521350.0
2020-12-21,0.0,24941.286,1521350.0
2020-12-22,0.0,24941.286,1521350.0
2020-12-23,0.0,24941.286,1521350.0
2020-12-24,0.0,24941.286,1521350.0
2020-12-25,0.0,24941.286,1521350.0
2020-12-26,0.0,24941.286,1521350.0
2020-12-27,138828.0,19832.571,1660178.0
2020-12-28,0.0,19832.571,1660178.0
2020-12-29,0.0,19832.571,1660178.0
2020-12-30,0.0,19832.571,1660178.0
2020-12-31,0.0,19832.571,1660178.0
2021-01-01,0.0,19832.571,1660178.0
2021-01-02,0.0,19832.571,1660178.0
2021-01-03,122953.0,17564.714,1783131.0
2021-01-04,0.0,17564.714,1783131.0
2021-01-05,0.0,17564.714,1783131.0
2021-01-06,0.0,17564.714,1783131.0
2021-01-07,0.0,17564.714,1783131.0
2021-01-08,0.0,17564.714,1783131.0
2021-01-09,0.0,17564.714,1783131.0
2021-01-10,145505.0,20786.429,1928636.0
2021-01-11,0.0,20786.429,1928636.0
2021-01-12,0.0,20786.429,1928636.0
2021-01-13,0.0,20786.429,1928636.0
2021-01-14,0.0,20786.429,1928636.0
2021-01-15,0.0,20786.429,1928636.0
2021-01-16,0.0,20786.429,1928636.0
2021-01-17,118929.0,16989.857,2047565.0
2021-01-18,0.0,16989.857,2047565.0
2021-01-19,0.0,16989.857,2047565.0
2021-01-20,0.0,16989.857,2047565.0
2021-01-21,0.0,16989.857,2047565.0
2021-01-22,0.0,16989.857,2047565.0
2021-01-23,0.0,16989.857,2047565.0
2021-01-24,95553.0,13650.429,2143118.0
2021-01-25,0.0,13650.429,2143118.0
2021-01-26,0.0,13650.429,2143118.0
2021-01-27,0.0,13650.429,2143118.0
2021-01-28,0.0,13650.429,2143118.0
2021-01-29,0.0,13650.429,2143118.0
2021-01-30,0.0,13650.429,2143118.0
2021-01-31,78172.0,11167.429,2221290.0
2021-02-01,0.0,11167.429,2221290.0
2021-02-02,0.0,11167.429,2221290.0
2021-02-03,0.0,11167.429,2221290.0
2021-02-04,0.0,11167.429,2221290.0
2021-02-05,0.0,11167.429,2221290.0
2021-02-06,0.0,11167.429,2221290.0
2021-02-07,64596.0,9228.0,2285886.0
2021-02-08,0.0,9228.0,2285886.0
2021-02-09,0.0,9228.0,2285886.0
2021-02-10,0.0,9228.0,2285886.0
2021-02-11,0.0,9228.0,2285886.0
2021-02-12,0.0,9228.0,2285886.0
2021-02-13,0.0,9228.0,2285886.0
2021-02-14,50827.0,7261.0,2336713.0
2021-02-15,0.0,7261.0,2336713.0
2021-02-16,0.0,7261.0,2336713.0
2021-02-17,0.0,7261.0,2336713.0
2021-02-18,0.0,7261.0,2336713.0
2021-02-19,0.0,7261.0,2336713.0
2021-02-20,0.0,7261.0,2336713.0
2021-02-21,52329.0,7475.571,2389042.0
2021-02-22,0.0,7475.571,2389042.0
2021-02-23,0.0,7475.571,2389042.0
2021-02-24,0.0,7475.571,2389042.0
2021-02-25,0.0,7475.571,2389042.0
2021-02-26,0.0,7475.571,2389042.0
2021-02-27,0.0,7475.571,2389042.0
2021-02-28,56356.0,8050.857,2445398.0
2021-03-01,0.0,8050.857,2445398.0
2021-03-02,0.0,8050.857,2445398.0
2021-03-03,0.0,8050.857,2445398.0
2021-03-04,0.0,8050.857,2445398.0
2021-03-05,0.0,8050.857,2445398.0
2021-03-06,0.0,8050.857,2445398.0
2021-03-07,58425.0,8346.429,2503823.0
2021-03-08,0.0,8346.429,2503823.0
2021-03-09,0.0,8346.429,2503823.0
2021-03-10,0.0,8346.429,2503823.0
2021-03-11,0.0,8346.429,2503823.0
2021-03-12,0.0,8346.429,2503823.0
2021-03-13,0.0,8346.429,2503823.0
2021-03-14,71391.0,10198.714,2575214.0
2021-03-15,0.0,10198.714,2575214.0
2021-03-16,0.0,10198.714,2575214.0
2021-03-17,0.0,10198.714,2575214.0
2021-03-18,0.0,10198.714,2575214.0
2021-03-19,0.0,10198.714,2575214.0
2021-03-20,0.0,10198.714,2575214.0
2021-03-21,92610.0,13230.0,2667824.0
2021-03-22,0.0,13230.0,2667824.0
2021-03-23,0.0,13230.0,2667824.0
2021-03-24,0.0,13230.0,2667824.0
2021-03-25,0.0,13230.0,2667824.0
2021-03-26,0.0,13230.0,2667824.0
2021-03-27,0.0,13230.0,2667824.0
2021-03-28,116309.0,16615.571,2784133.0
2021-03-29,0.0,16615.571,2784133.0
2021-03-30,0.0,16615.571,2784133.0
2021-03-31,0.0,16615.571,2784133.0
2021-04-01,0.0,16615.571,2784133.0
2021-04-02,0.0,16615.571,2784133.0
2021-04-03,0.0,16615.571,2784133.0
2021-04-04,110007.0,15715.286,2894140.0
2021-04-05,0.0,15715.286,2894140.0
2021-04-06,0.0,15715.286,2894140.0
2021-04-07,0.0,15715.286,2894140.0
2021-04-08,0.0,15715.286,2894140.0
2021-04-09,0.0,15715.286,2894140.0
2021-04-10,0.0,15715.286,2894140.0
2021-04-11,118188.0,16884.0,3012328.0
2021-04-12,0.0,16884.0,3012328.0
2021-04-13,0.0,16884.0,3012328.0
2021-04-14,0.0,16884.0,3012328.0
2021-04-15,0.0,16884.0,3012328.0
2021-04-16,0.0,16884.0,3012328.0
2021-04-17,0.0,16884.0,3012328.0
2021-04-18,142021.0,20288.714,3154349.0
2021-04-19,0.0,20288.714,3154349.0
2021-04-20,0.0,20288.714,3154349.0
2021-04-21,0.0,20288.714,3154349.0
2021-04-22,0.0,20288.714,3154349.0
2021-04-23,0.0,20288.714,3154349.0
2021-04-24,0.0,20288.714,3154349.0
2021-04-25,144678.0,20668.286,3299027.0
2021-04-26,0.0,20668.286,3299027.0
2021-04-27,0.0,20668.286,3299027.0
2021-04-28,0.0,20668.286,3299027.0
2021-04-29,0.0,20668.286,3299027.0
2021-04-30,0.0,20668.286,3299027.0
2021-05-01,0.0,20668.286,3299027.0
2021-05-02,124684.0,17812.0,3423711.0
2021-05-03,0.0,17812.0,3423711.0
2021-05-04,0.0,17812.0,3423711.0
2021-05-05,0.0,17812.0,3423711.0
2021-05-06,0.0,17812.0,3423711.0
2021-05-07,0.0,17812.0,3423711.0
2021-05-08,0.0,17812.0,3423711.0
2021-05-09,100847.0,14406.714,3524558.0
2021-05-10,0.0,14406.714,3524558.0
2021-05-11,0.0,14406.714,3524558.0
2021-05-12,0.0,14406.714,3524558.0
2021-05-13,0.0,14406.714,3524558.0
2021-05-14,0.0,14406.714,3524558.0
2021-05-15,0.0,14406.714,3524558.0
2021-05-16,70746.0,10106.571,3595304.0
2021-05-17,0.0,10106.571,3595304.0
2021-05-18,0.0,10106.571,3595304.0
2021-05-19,0.0,10106.571,3595304.0
2021-05-20,0.0,10106.571,3595304.0
2021-05-21,0.0,10106.571,3595304.0
2021-05-22,0.0,10106.571,3595304.0
2021-05-23,52670.0,7524.286,3647974.0
2021-05-24,0.0,7524.286,3647974.0
2021-05-25,0.0,7524.286,3647974.0
2021-05-26,0.0,7524.286,3647974.0
2021-05-27,0.0,7524.286,3647974.0
2021-05-28,0.0,7524.286,3647974.0
2021-05-29,0.0,7524.286,3647974.0
2021-05-30,29867.0,4266.714,3677841.0
2021-05-31,0.0,4266.714,3677841.0
2021-06-01,0.0,4266.714,3677841.0
2021-06-02,0.0,4266.714,3677841.0
2021-06-03,0.0,4266.714,3677841.0
2021-06-04,0.0,4266.714,3677841.0
2021-06-05,0.0,4266.714,3677841.0
2021-06-06,20680.0,2954.286,3698521.0
2021-06-07,0.0,2954.286,3698521.0
2021-06-08,0.0,2954.286,3698521.0
2021-06-09,0.0,2954.286,3698521.0
2021-06-10,0.0,2954.286,3698521.0
2021-06-11,0.0,2954.286,3698521.0
2021-06-12,0.0,2954.286,3698521.0
2021-06-13,14062.0,2008.857,3712583.0
2021-06-14,0.0,2008.857,3712583.0
2021-06-15,0.0,2008.857,3712583.0
2021-06-16,0.0,2008.857,3712583.0
2021-06-17,0.0,2008.857,3712583.0
2021-06-18,0.0,2008.857,3712583.0
2021-06-19,0.0,2008.857,3712583.0
2021-06-20,7285.0,1040.714,3719868.0
2021-06-21,0.0,1040.714,3719868.0
2021-06-22,0.0,1040.714,3719868.0
2021-06-23,0.0,1040.714,3719868.0
2021-06-24,0.0,1040.714,3719868.0
2021-06-25,0.0,1040.714,3719868.0
2021-06-26,0.0,1040.714,3719868.0
2021-06-27,4859.0,694.143,3724727.0
2021-06-28,0.0,694.143,3724727.0
2021-06-29,0.0,694.143,3724727.0
2021-06-30,0.0,694.143,3724727.0
2021-07-01,0.0,694.143,3724727.0
2021-07-02,0.0,694.143,3724727.0
2021-07-03,0.0,694.143,3724727.0
2021-07-04,4388.0,626.857,3729115.0
2021-07-05,0.0,626.857,3729115.0
2021-07-06,0.0,626.857,3729115.0
2021-07-07,0.0,626.857,3729115.0
2021-07-08,0.0,626.857,3729115.0
2021-07-09,0.0,626.857,3729115.0
2021-07-10,0.0,626.857,3729115.0
2021-07-11,5597.0,799.571,3734712.0
2021-07-12,0.0,799.571,3734712.0
2021-07-13,0.0,799.571,3734712.0
2021-07-14,0.0,799.571,3734712.0
2021-07-15,0.0,799.571,3734712.0
2021-07-16,0.0,799.571,3734712.0
2021-07-17,0.0,799.571,3734712.0
2021-07-18,9113.0,1301.857,3743825.0
2021-07-19,0.0,1301.857,3743825.0
2021-07-20,0.0,1301.857,3743825.0
2021-07-21,0.0,1301.857,3743825.0
2021-07-22,0.0,1301.857,3743825.0
2021-07-23,0.0,1301.857,3743825.0
2021-07-24,0.0,1301.857,3743825.0
2021-07-25,12646.0,1806.571,3756471.0
2021-07-26,0.0,1806.571,3756471.0
2021-07-27,0.0,1806.571,3756471.0
2021-07-28,0.0,1806.571,3756471.0
2021-07-29,0.0,1806.571,3756471.0
2021-07-30,0.0,1806.571,3756471.0
2021-07-31,0.0,1806.571,3756471.0
2021-08-01,15522.0,2217.429,3771993.0
2021-08-02,0.0,2217.429,3771993.0
2021-08-03,0.0,2217.429,3771993.0
2021-08-04,0.0,2217.429,3771993.0
2021-08-05,0.0,2217.429,3771993.0
2021-08-06,0.0,2217.429,3771993.0
2021-08-07,0.0,2217.429,3771993.0
2021-08-08,20423.0,2917.571,3792416.0
2021-08-09,0.0,2917.571,3792416.0
2021-08-10,0.0,2917.571,3792416.0
2021-08-11,0.0,2917.571,3792416.0
2021-08-12,0.0,2917.571,3792416.0
2021-08-13,0.0,2917.571,3792416.0
2021-08-14,0.0,2917.571,3792416.0
2021-08-15,32077.0,4582.429,3824493.0
2021-08-16,0.0,4582.429,3824493.0
2021-08-17,0.0,4582.429,3824493.0
2021-08-18,0.0,4582.429,3824493.0
2021-08-19,0.0,4582.429,3824493.0
2021-08-20,0.0,4582.429,3824493.0
2021-08-21,0.0,4582.429,3824493.0
2021-08-22,49652.0,7093.143,3874145.0
2021-08-23,0.0,7093.143,3874145.0
2021-08-24,0.0,7093.143,3874145.0
2021-08-25,0.0,7093.143,3874145.0
2021-08-26,0.0,7093.143,3874145.0
2021-08-27,0.0,7093.143,3874145.0
2021-08-28,0.0,7093.143,3874145.0
2021-08-29,66371.0,9481.571,3940516.0
2021-08-30,0.0,9481.571,3940516.0
2021-08-31,0.0,9481.571,3940516.0
2021-09-01,0.0,9481.571,3940516.0
2021-09-02,0.0,9481.571,3940516.0
2021-09-03,0.0,9481.571,3940516.0
2021-09-04,0.0,9481.571,3940516.0
2021-09-05,74737.0,10676.714,4015253.0
2021-09-06,0.0,10676.714,4015253.0
2021-09-07,0.0,10676.714,4015253.0
2021-09-08,0.0,10676.714,4015253.0
2021-09-09,0.0,10676.714,4015253.0
2021-09-10,0.0,10676.714,4015253.0
2021-09-11,0.0,10676.714,4015253.0
2021-09-12,71656.0,10236.571,4086909.0
2021-09-13,0.0,10236.571,4086909.0
2021-09-14,0.0,10236.571,4086909.0
2021-09-15,0.0,10236.571,4086909.0
2021-09-16,0.0,10236.571,4086909.0
2021-09-17,0.0,10236.571,4086909.0
2021-09-18,0.0,10236.571,4086909.0
2021-09-19,61471.0,8781.571,4148380.0
2021-09-20,0.0,8781.571,4148380.0
2021-09-21,0.0,8781.571,4148380.0
2021-09-22,0.0,8781.571,4148380.0
2021-09-23,0.0,8781.571,4148380.0
2021-09-24,0.0,8781.571,4148380.0
2021-09-25,0.0,8781.571,4148380.0
2021-09-26,53623.0,7660.429,4202003.0
2021-09-27,0.0,7660.429,4202003.0
2021-09-28,0.0,7660.429,4202003.0
2021-09-29,0.0,7660.429,4202003.0
2021-09-30,0.0,7660.429,4202003.0
2021-10-01,0.0,7660.429,4202003.0
2021-10-02,0.0,7660.429,4202003.0
2021-10-03,56481.0,8068.714,4258484.0
2021-10-04,0.0,8068.714,4258484.0
2021-10-05,0.0,8068.714,4258484.0
2021-10-06,0.0,8068.714,4258484.0
2021-10-07,0.0,8068.714,4258484.0
2021-10-08,0.0,8068.714,4258484.0
2021-10-09,0.0,8068.714,4258484.0
2021-10-10,58025.0,8289.286,4316509.0
2021-10-11,0.0,8289.286,4316509.0
2021-10-12,0.0,8289.286,4316509.0
2021-10-13,0.0,8289.286,4316509.0
2021-10-14,0.0,8289.286,4316509.0
2021-10-15,0.0,8289.286,4316509.0
2021-10-16,0.0,8289.286,4316509.0
2021-10-17,65359.0,9337.0,4381868.0
2021-10-18,0.0,9337.0,4381868.0
2021-10-19,0.0,9337.0,4381868.0
2021-10-20,0.0,9337.0,4381868.0
2021-10-21,0.0,9337.0,4381868.0
2021-10-22,0.0,9337.0,4381868.0
2021-10-23,0.0,9337.0,4381868.0
2021-10-24,97723.0,13960.429,4479591.0
2021-10-25,0.0,13960.429,4479591.0
2021-10-26,0.0,13960.429,4479591.0
2021-10-27,0.0,13960.429,4479591.0
2021-10-28,0.0,13960.429,4479591.0
2021-10-29,0.0,13960.429,4479591.0
2021-10-30,0.0,13960.429,4479591.0
2021-10-31,137011.0,19573.0,4616602.0
2021-11-01,0.0,19573.0,4616602.0
2021-11-02,0.0,19573.0,4616602.0
2021-11-03,0.0,19573.0,4616602.0
2021-11-04,0.0,19573.0,4616602.0
2021-11-05,0.0,19573.0,4616602.0
2021-11-06,0.0,19573.0,4616602.0
2021-11-07,177868.0,25409.714,4794470.0
2021-11-08,0.0,25409.714,4794470.0
2021-11-09,0.0,25409.714,4794470.0
2021-11-10,0.0,25409.714,4794470.0
2021-11-11,0.0,25409.714,4794470.0
2021-11-12,0.0,25409.714,4794470.0
2021-11-13,0.0,25409.714,4794470.0
2021-11-14,271174.0,38739.143,5065644.0
2021-11-15,0.0,38739.143,5065644.0
2021-11-16,0.0,38739.143,5065644.0
2021-11-17,0.0,38739.143,5065644.0
2021-11-18,0.0,38739.143,5065644.0
2021-11-19,0.0,38739.143,5065644.0
2021-11-20,0.0,38739.143,5065644.0
2021-11-21,351654.0,50236.286,5417298.0
2021-11-22,0.0,50236.286,5417298.0
2021-11-23,0.0,50236.286,5417298.0
2021-11-24,0.0,50236.286,5417298.0
2021-11-25,0.0,50236.286,5417298.0
2021-11-26,0.0,50236.286,5417298.0
2021-11-27,0.0,50236.286,5417298.0
2021-11-28,403348.0,57621.143,5820646.0
2021-11-29,0.0,57621.143,5820646.0
2021-11-30,0.0,57621.143,5820646.0
2021-12-01,0.0,57621.143,5820646.0
2021-12-02,0.0,57621.143,5820646.0
2021-12-03,0.0,57621.143,5820646.0
2021-12-04,0.0,57621.143,5820646.0
2021-12-05,388054.0,55436.286,6208700.0
2021-12-06,0.0,55436.286,6208700.0
2021-12-07,0.0,55436.286,6208700.0
2021-12-08,0.0,55436.286,6208700.0
2021-12-09,0.0,55436.286,6208700.0
2021-12-10,0.0,55436.286,6208700.0
2021-12-11,0.0,55436.286,6208700.0
2021-12-12,338008.0,48286.857,6546708.0
2021-12-13,0.0,48286.857,6546708.0
2021-12-14,0.0,48286.857,6546708.0
2021-12-15,0.0,48286.857,6546708.0
2021-12-16,0.0,48286.857,6546708.0
2021-12-17,0.0,48286.857,6546708.0
2021-12-18,0.0,48286.857,6546708.0
2021-12-19,273503.0,39071.857,6820211.0
2021-12-20,0.0,39071.857,6820211.0
2021-12-21,0.0,39071.857,6820211.0
2021-12-22,0.0,39071.857,6820211.0
2021-12-23,0.0,39071.857,6820211.0
2021-12-24,0.0,39071.857,6820211.0
2021-12-25,0.0,39071.857,6820211.0
2021-12-26,193832.0,27690.286,7014043.0
2021-12-27,0.0,27690.286,7014043.0
2021-12-28,0.0,27690.286,7014043.0
2021-12-29,0.0,27690.286,7014043.0
2021-12-30,0.0,27690.286,7014043.0
2021-12-31,0.0,27690.286,7014043.0
2022-01-01,0.0,27690.286,7014043.0
2022-01-02,208696.0,29813.714,7222739.0
2022-01-03,0.0,29813.714,7222739.0
2022-01-04,0.0,29813.714,7222739.0
2022-01-05,0.0,29813.714,7222739.0
2022-01-06,0.0,29813.714,7222739.0
2022-01-07,0.0,29813.714,7222739.0
2022-01-08,0.0,29813.714,7222739.0
2022-01-09,337882.0,48268.857,7560621.0
2022-01-10,0.0,48268.857,7560621.0
2022-01-11,0.0,48268.857,7560621.0
2022-01-12,0.0,48268.857,7560621.0
2022-01-13,0.0,48268.857,7560621.0
2022-01-14,0.0,48268.857,7560621.0
2022-01-15,0.0,48268.857,7560621.0
2022-01-16,486124.0,69446.286,8046745.0
2022-01-17,0.0,69446.286,8046745.0
2022-01-18,0.0,69446.286,8046745.0
2022-01-19,0.0,69446.286,8046745.0
2022-01-20,0.0,69446.286,8046745.0
2022-01-21,0.0,69446.286,8046745.0
2022-01-22,0.0,69446.286,8046745.0
2022-01-23,796815.0,113830.714,8843560.0
2022-01-24,0.0,113830.714,8843560.0
2022-01-25,0.0,113830.714,8843560.0
2022-01-26,0.0,113830.714,8843560.0
2022-01-27,0.0,113830.714,8843560.0
2022-01-28,0.0,113830.714,8843560.0
2022-01-29,0.0,113830.714,8843560.0
2022-01-30,1114352.0,159193.143,9957912.0
2022-01-31,0.0,159193.143,9957912.0
2022-02-01,0.0,159193.143,9957912.0
2022-02-02,0.0,159193.143,9957912.0
2022-02-03,0.0,159193.143,9957912.0
2022-02-04,0.0,159193.143,9957912.0
2022-02-05,0.0,159193.143,9957912.0
2022-02-06,1292740.0,184677.143,11250652.0
2022-02-07,0.0,184677.143,11250652.0
2022-02-08,0.0,184677.143,11250652.0
2022-02-09,0.0,184677.143,11250652.0
2022-02-10,0.0,184677.143,11250652.0
2022-02-11,0.0,184677.143,11250652.0
2022-02-12,0.0,184677.143,11250652.0
2022-02-13,1309845.0,187120.714,12560497.0
2022-02-14,0.0,187120.714,12560497.0
2022-02-15,0.0,187120.714,12560497.0
2022-02-16,0.0,187120.714,12560497.0
2022-02-17,0.0,187120.714,12560497.0
2022-02-18,0.0,187120.714,12560497.0
2022-02-19,0.0,187120.714,12560497.0
2022-02-20,1193271.0,170467.286,13753768.0
2022-02-21,0.0,170467.286,13753768.0
2022-02-22,0.0,170467.286,13753768.0
2022-02-23,0.0,170467.286,13753768.0
2022-02-24,0.0,170467.286,13753768.0
2022-02-25,0.0,170467.286,13753768.0
2022-02-26,0.0,170467.286,13753768.0
2022-02-27,1093093.0,156156.143,14846861.0
2022-02-28,0.0,156156.143,14846861.0
2022-03-01,0.0,156156.143,14846861.0
2022-03-02,0.0,156156.143,14846861.0
2022-03-03,0.0,156156.143,14846861.0
2022-03-04,0.0,156156.143,14846861.0
2022-03-05,0.0,156156.143,14846861.0
2022-03-06,1134009.0,162001.286,15980870.0
2022-03-07,0.0,162001.286,15980870.0
2022-03-08,0.0,162001.286,15980870.0
2022-03-09,0.0,162001.286,15980870.0
2022-03-10,0.0,162001.286,15980870.0
2022-03-11,0.0,162001.286,15980870.0
2022-03-12,0.0,162001.286,15980870.0
2022-03-13,1413846.0,201978.0,17394716.0
2022-03-14,0.0,201978.0,17394716.0
2022-03-15,0.0,201978.0,17394716.0
2022-03-16,0.0,201978.0,17394716.0
2022-03-17,0.0,201978.0,17394716.0
2022-03-18,0.0,201978.0,17394716.0
2022-03-19,0.0,201978.0,17394716.0
2022-03-20,1582504.0,226072.0,18977220.0
2022-03-21,0.0,226072.0,18977220.0
2022-03-22,0.0,226072.0,18977220.0
2022-03-23,0.0,226072.0,18977220.0
2022-03-24,0.0,226072.0,18977220.0
2022-03-25,0.0,226072.0,18977220.0
2022-03-26,0.0,226072.0,18977220.0
2022-03-27,1588891.0,226984.429,20566111.0
2022-03-28,0.0,226984.429,20566111.0
2022-03-29,0.0,226984.429,20566111.0
2022-03-30,0.0,226984.429,20566111.0
2022-03-31,0.0,226984.429,20566111.0
2022-04-01,0.0,226984.429,20566111.0
2022-04-02,0.0,226984.429,20566111.0
2022-04-03,1295125.0,185017.857,21861236.0
2022-04-04,0.0,185017.857,21861236.0
2022-04-05,0.0,185017.857,21861236.0
2022-04-06,0.0,185017.857,21861236.0
2022-04-07,0.0,185017.857,21861236.0
2022-04-08,0.0,185017.857,21861236.0
2022-04-09,0.0,185017.857,21861236.0
2022-04-10,984600.0,140657.143,22845836.0
2022-04-11,0.0,140657.143,22845836.0
2022-04-12,0.0,140657.143,22845836.0
2022-04-13,0.0,140657.143,22845836.0
2022-04-14,0.0,140657.143,22845836.0
2022-04-15,0.0,140657.143,22845836.0
2022-04-16,0.0,140657.143,22845836.0
2022-04-17,778948.0,111278.286,23624784.0
2022-04-18,0.0,111278.286,23624784.0
2022-04-19,0.0,111278.286,23624784.0
2022-04-20,0.0,111278.286,23624784.0
2022-04-21,0.0,111278.286,23624784.0
2022-04-22,0.0,111278.286,23624784.0
2022-04-23,0.0,111278.286,23624784.0
2022-04-24,731499.0,104499.857,24356283.0
2022-04-25,0.0,104499.857,24356283.0
2022-04-26,0.0,104499.857,24356283.0
2022-04-27,0.0,104499.857,24356283.0
2022-04-28,0.0,104499.857,24356283.0
2022-04-29,0.0,104499.857,24356283.0
2022-04-30,0.0,104499.857,24356283.0
2022-05-01,596917.0,85273.857,24953200.0
2022-05-02,0.0,85273.857,24953200.0
2022-05-03,0.0,85273.857,24953200.0
2022-05-04,0.0,85273.857,24953200.0
2022-05-05,0.0,85273.857,24953200.0
2022-05-06,0.0,85273.857,24953200.0
2022-05-07,0.0,85273.857,24953200.0
2022-05-08,471440.0,67348.571,25424640.0
2022-05-09,0.0,67348.571,25424640.0
2022-05-10,0.0,67348.571,25424640.0
2022-05-11,0.0,67348.571,25424640.0
2022-05-12,0.0,67348.571,25424640.0
2022-05-13,0.0,67348.571,25424640.0
2022-05-14,0.0,67348.571,25424640.0
2022-05-15,408745.0,58392.143,25833385.0
2022-05-16,0.0,58392.143,25833385.0
2022-05-17,0.0,58392.143,25833385.0
2022-05-18,0.0,58392.143,25833385.0
2022-05-19,0.0,58392.143,25833385.0
2022-05-20,0.0,58392.143,25833385.0
2022-05-21,0.0,58392.143,25833385.0
2022-05-22,292505.0,41786.429,26125890.0
2022-05-23,0.0,41786.429,26125890.0
2022-05-24,0.0,41786.429,26125890.0
2022-05-25,0.0,41786.429,26125890.0
2022-05-26,0.0,41786.429,26125890.0
2022-05-27,0.0,41786.429,26125890.0
2022-05-28,0.0,41786.429,26125890.0
2022-05-29,187159.0,26737.0,26313049.0
2022-05-30,0.0,26737.0,26313049.0
2022-05-31,0.0,26737.0,26313049.0
2022-06-01,0.0,26737.0,26313049.0
2022-06-02,0.0,26737.0,26313049.0
2022-06-03,0.0,26737.0,26313049.0
2022-06-04,0.0,26737.0,26313049.0
2022-06-05,245141.0,35020.143,26558190.0
2022-06-06,0.0,35020.143,26558190.0
2022-06-07,0.0,35020.143,26558190.0
2022-06-08,0.0,35020.143,26558190.0
2022-06-09,0.0,35020.143,26558190.0
2022-06-10,0.0,35020.143,26558190.0
2022-06-11,0.0,35020.143,26558190.0
2022-06-12,331434.0,47347.714,26889624.0
2022-06-13,0.0,47347.714,26889624.0
2022-06-14,0.0,47347.714,26889624.0
2022-06-15,0.0,47347.714,26889624.0
2022-06-16,0.0,47347.714,26889624.0
2022-06-17,0.0,47347.714,26889624.0
2022-06-18,0.0,47347.714,26889624.0
2022-06-19,413791.0,59113.0,27303415.0
2022-06-20,0.0,59113.0,27303415.0
2022-06-21,0.0,59113.0,27303415.0
2022-06-22,0.0,59113.0,27303415.0
2022-06-23,0.0,59113.0,27303415.0
2022-06-24,0.0,59113.0,27303415.0
2022-06-25,0.0,59113.0,27303415.0
2022-06-26,574225.0,82032.143,27877640.0
2022-06-27,0.0,82032.143,27877640.0
2022-06-28,0.0,82032.143,27877640.0
2022-06-29,0.0,82032.143,27877640.0
2022-06-30,0.0,82032.143,27877640.0
2022-07-01,0.0,82032.143,27877640.0
2022-07-02,0.0,82032.143,27877640.0
2022-07-03,622776.0,88968.0,28500416.0
2022-07-04,0.0,88968.0,28500416.0
2022-07-05,0.0,88968.0,28500416.0
2022-07-06,0.0,88968.0,28500416.0
2022-07-07,0.0,88968.0,28500416.0
2022-07-08,0.0,88968.0,28500416.0
2022-07-09,0.0,88968.0,28500416.0
2022-07-10,629349.0,89907.0,29129765.0
2022-07-11,0.0,89907.0,29129765.0
2022-07-12,0.0,89907.0,29129765.0
2022-07-13,0.0,89907.0,29129765.0
2022-07-14,0.0,89907.0,29129765.0
2022-07-15,0.0,89907.0,29129765.0
2022-07-16,0.0,89907.0,29129765.0
2022-07-17,675130.0,96447.143,29804895.0
2022-07-18,0.0,96447.143,29804895.0
2022-07-19,0.0,96447.143,29804895.0
2022-07-20,0.0,96447.143,29804895.0
2022-07-21,0.0,96447.143,29804895.0
2022-07-22,0.0,96447.143,29804895.0
2022-07-23,0.0,96447.143,29804895.0
2022-07-24,627179.0,89597.0,30432074.0
2022-07-25,0.0,89597.0,30432074.0
2022-07-26,0.0,89597.0,30432074.0
2022-07-27,0.0,89597.0,30432074.0
2022-07-28,0.0,89597.0,30432074.0
2022-07-29,0.0,89597.0,30432074.0
2022-07-30,0.0,89597.0,30432074.0
2022-07-31,495729.0,70818.429,30927803.0
2022-08-01,0.0,70818.429,30927803.0
2022-08-02,0.0,70818.429,30927803.0
2022-08-03,0.0,70818.429,30927803.0
2022-08-04,0.0,70818.429,30927803.0
2022-08-05,0.0,70818.429,30927803.0
2022-08-06,0.0,70818.429,30927803.0
2022-08-07,362936.0,51848.0,31290739.0
2022-08-08,0.0,51848.0,31290739.0
2022-08-09,0.0,51848.0,31290739.0
2022-08-10,0.0,51848.0,31290739.0
2022-08-11,0.0,51848.0,31290739.0
2022-08-12,0.0,51848.0,31290739.0
2022-08-13,0.0,51848.0,31290739.0
2022-08-14,298292.0,42613.143,31589031.0
2022-08-15,0.0,42613.143,31589031.0
2022-08-16,0.0,42613.143,31589031.0
2022-08-17,0.0,42613.143,31589031.0
2022-08-18,0.0,42613.143,31589031.0
2022-08-19,0.0,42613.143,31589031.0
2022-08-20,0.0,42613.143,31589031.0
2022-08-21,263329.0,37618.429,31852360.0
2022-08-22,0.0,37618.429,31852360.0
2022-08-23,0.0,37618.429,31852360.0
2022-08-24,0.0,37618.429,31852360.0
2022-08-25,0.0,37618.429,31852360.0
2022-08-26,0.0,37618.429,31852360.0
2022-08-27,0.0,37618.429,31852360.0
2022-08-28,227979.0,32568.429,32080339.0
2022-08-29,0.0,32568.429,32080339.0
2022-08-30,0.0,32568.429,32080339.0
2022-08-31,0.0,32568.429,32080339.0
2022-09-01,0.0,32568.429,32080339.0
2022-09-02,0.0,32568.429,32080339.0
2022-09-03,0.0,32568.429,32080339.0
2022-09-04,201757.0,28822.429,32282096.0
2022-09-05,0.0,28822.429,32282096.0
2022-09-06,0.0,28822.429,32282096.0
2022-09-07,0.0,28822.429,32282096.0
2022-09-08,0.0,28822.429,32282096.0
2022-09-09,0.0,28822.429,32282096.0
2022-09-10,0.0,28822.429,32282096.0
2022-09-11,204084.0,29154.857,32486180.0
2022-09-12,0.0,29154.857,32486180.0
2022-09-13,0.0,29154.857,32486180.0
2022-09-14,0.0,29154.857,32486180.0
2022-09-15,0.0,29154.857,32486180.0
2022-09-16,0.0,29154.857,32486180.0
2022-09-17,0.0,29154.857,32486180.0
2022-09-18,228913.0,32701.857,32715093.0
2022-09-19,0.0,32701.857,32715093.0
2022-09-20,0.0,32701.857,32715093.0
2022-09-21,0.0,32701.857,32715093.0
2022-09-22,0.0,32701.857,32715093.0
2022-09-23,0.0,32701.857,32715093.0
2022-09-24,0.0,32701.857,32715093.0
2022-09-25,286535.0,40933.571,33001628.0
2022-09-26,0.0,40933.571,33001628.0
2022-09-27,0.0,40933.571,33001628.0
2022-09-28,0.0,40933.571,33001628.0
2022-09-29,0.0,40933.571,33001628.0
2022-09-30,0.0,40933.571,33001628.0
2022-10-01,0.0,40933.571,33001628.0
2022-10-02,458852.0,65550.286,33460480.0
2022-10-03,0.0,65550.286,33460480.0
2022-10-04,0.0,65550.286,33460480.0
2022-10-05,0.0,65550.286,33460480.0
2022-10-06,0.0,65550.286,33460480.0
2022-10-07,0.0,65550.286,33460480.0
2022-10-08,0.0,65550.286,33460480.0
2022-10-09,594073.0,84867.571,34054553.0
2022-10-10,0.0,84867.571,34054553.0
2022-10-11,0.0,84867.571,34054553.0
2022-10-12,0.0,84867.571,34054553.0
2022-10-13,0.0,84867.571,34054553.0
2022-10-14,0.0,84867.571,34054553.0
2022-10-15,0.0,84867.571,34054553.0
2022-10-16,644986.0,92140.857,34699539.0
2022-10-17,0.0,92140.857,34699539.0
2022-10-18,0.0,92140.857,34699539.0
2022-10-19,0.0,92140.857,34699539.0
2022-10-20,0.0,92140.857,34699539.0
2022-10-21,0.0,92140.857,34699539.0
2022-10-22,0.0,92140.857,34699539.0
2022-10-23,544616.0,77802.286,35244155.0
2022-10-24,0.0,77802.286,35244155.0
2022-10-25,0.0,77802.286,35244155.0
2022-10-26,0.0,77802.286,35244155.0
2022-10-27,0.0,77802.286,35244155.0
2022-10-28,0.0,77802.286,35244155.0
2022-10-29,0.0,77802.286,35244155.0
2022-10-30,373903.0,53414.714,35618058.0
2022-10-31,0.0,53414.714,35618058.0
2022-11-01,0.0,53414.714,35618058.0
2022-11-02,0.0,53414.714,35618058.0
2022-11-03,0.0,53414.714,35618058.0
2022-11-04,0.0,53414.714,35618058.0
2022-11-05,0.0,53414.714,35618058.0
2022-11-06,243578.0,34796.857,35861636.0
2022-11-07,0.0,34796.857,35861636.0
2022-11-08,0.0,34796.857,35861636.0
2022-11-09,0.0,34796.857,35861636.0
2022-11-10,0.0,34796.857,35861636.0
2022-11-11,0.0,34796.857,35861636.0
2022-11-12,0.0,34796.857,35861636.0
2022-11-13,202015.0,28859.286,36063651.0
2022-11-14,0.0,28859.286,36063651.0
2022-11-15,0.0,28859.286,36063651.0
2022-11-16,0.0,28859.286,36063651.0
2022-11-17,0.0,28859.286,36063651.0
2022-11-18,0.0,28859.286,36063651.0
2022-11-19,0.0,28859.286,36063651.0
2022-11-20,169667.0,24238.143,36233318.0
2022-11-21,0.0,24238.143,36233318.0
2022-11-22,0.0,24238.143,36233318.0
2022-11-23,0.0,24238.143,36233318.0
2022-11-24,0.0,24238.143,36233318.0
2022-11-25,0.0,24238.143,36233318.0
2022-11-26,0.0,24238.143,36233318.0
2022-11-27,170589.0,24369.857,36403907.0
2022-11-28,0.0,24369.857,36403907.0
2022-11-29,0.0,24369.857,36403907.0
2022-11-30,0.0,24369.857,36403907.0
2022-12-01,0.0,24369.857,36403907.0
2022-12-02,0.0,24369.857,36403907.0
2022-12-03,0.0,24369.857,36403907.0
2022-12-04,184825.0,26403.571,36588732.0
2022-12-05,0.0,26403.571,36588732.0
2022-12-06,0.0,26403.571,36588732.0
2022-12-07,0.0,26403.571,36588732.0
2022-12-08,0.0,26403.571,36588732.0
2022-12-09,0.0,26403.571,36588732.0
2022-12-10,0.0,26403.571,36588732.0
2022-12-11,199505.0,28500.714,36788237.0
2022-12-12,0.0,28500.714,36788237.0
2022-12-13,0.0,28500.714,36788237.0
2022-12-14,0.0,28500.714,36788237.0
2022-12-15,0.0,28500.714,36788237.0
2022-12-16,0.0,28500.714,36788237.0
2022-12-17,0.0,28500.714,36788237.0
2022-12-18,222953.0,31850.429,37011190.0
2022-12-19,0.0,31850.429,37011190.0
2022-12-20,0.0,31850.429,37011190.0
2022-12-21,0.0,31850.429,37011190.0
2022-12-22,0.0,31850.429,37011190.0
2022-12-23,0.0,31850.429,37011190.0
2022-12-24,0.0,31850.429,37011190.0
2022-12-25,230746.0,32963.714,37241936.0
2022-12-26,0.0,32963.714,37241936.0
2022-12-27,0.0,32963.714,37241936.0
2022-12-28,0.0,32963.714,37241936.0
2022-12-29,0.0,32963.714,37241936.0
2022-12-30,0.0,32963.714,37241936.0
2022-12-31,0.0,32963.714,37241936.0
2023-01-01,151567.0,21652.429,37393503.0
2023-01-02,0.0,21652.429,37393503.0
2023-01-03,0.0,21652.429,37393503.0
2023-01-04,0.0,21652.429,37393503.0
2023-01-05,0.0,21652.429,37393503.0
2023-01-06,0.0,21652.429,37393503.0
2023-01-07,0.0,21652.429,37393503.0
2023-01-08,130316.0,18616.571,37523819.0
2023-01-09,0.0,18616.571,37523819.0
2023-01-10,0.0,18616.571,37523819.0
2023-01-11,0.0,18616.571,37523819.0
2023-01-12,0.0,18616.571,37523819.0
2023-01-13,0.0,18616.571,37523819.0
2023-01-14,0.0,18616.571,37523819.0
2023-01-15,89089.0,12727.0,37612908.0
2023-01-16,0.0,12727.0,37612908.0
2023-01-17,0.0,12727.0,37612908.0
2023-01-18,0.0,12727.0,37612908.0
2023-01-19,0.0,12727.0,37612908.0
2023-01-20,0.0,12727.0,37612908.0
2023-01-21,0.0,12727.0,37612908.0
2023-01-22,62867.0,8981.0,37675775.0
2023-01-23,0.0,8981.0,37675775.0
2023-01-24,0.0,8981.0,37675775.0
2023-01-25,0.0,8981.0,37675775.0
2023-01-26,0.0,8981.0,37675775.0
2023-01-27,0.0,8981.0,37675775.0
2023-01-28,0.0,8981.0,37675775.0
2023-01-29,73298.0,10471.143,37749073.0
2023-01-30,0.0,10471.143,37749073.0
2023-01-31,0.0,10471.143,37749073.0
2023-02-01,0.0,10471.143,37749073.0
2023-02-02,0.0,10471.143,37749073.0
2023-02-03,0.0,10471.143,37749073.0
2023-02-04,0.0,10471.143,37749073.0
2023-02-05,84243.0,12034.714,37833316.0
2023-02-06,0.0,12034.714,37833316.0
2023-02-07,0.0,12034.714,37833316.0
2023-02-08,0.0,12034.714,37833316.0
2023-02-09,0.0,12034.714,37833316.0
2023-02-10,0.0,12034.714,37833316.0
2023-02-11,0.0,12034.714,37833316.0
2023-02-12,86595.0,12370.714,37919911.0
2023-02-13,0.0,12370.714,37919911.0
2023-02-14,0.0,12370.714,37919911.0
2023-02-15,0.0,12370.714,37919911.0
2023-02-16,0.0,12370.714,37919911.0
2023-02-17,0.0,12370.714,37919911.0
2023-02-18,0.0,12370.714,37919911.0
2023-02-19,97850.0,13978.571,38017761.0
2023-02-20,0.0,13978.571,38017761.0
2023-02-21,0.0,13978.571,38017761.0
2023-02-22,0.0,13978.571,38017761.0
2023-02-23,0.0,13978.571,38017761.0
2023-02-24,0.0,13978.571,38017761.0
2023-02-25,0.0,13978.571,38017761.0
2023-02-26,113434.0,16204.857,38131195.0
2023-02-27,0.0,16204.857,38131195.0
2023-02-28,0.0,16204.857,38131195.0
2023-03-01,0.0,16204.857,38131195.0
2023-03-02,0.0,16204.857,38131195.0
2023-03-03,0.0,16204.857,38131195.0
2023-03-04,0.0,16204.857,38131195.0
2023-03-05,86321.0,12331.571,38217516.0
2023-03-06,0.0,12331.571,38217516.0
2023-03-07,0.0,12331.571,38217516.0
2023-03-08,0.0,12331.571,38217516.0
2023-03-09,0.0,12331.571,38217516.0
2023-03-10,0.0,12331.571,38217516.0
2023-03-11,0.0,12331.571,38217516.0
2023-03-12,43758.0,6251.143,38261274.0
2023-03-13,0.0,6251.143,38261274.0
2023-03-14,0.0,6251.143,38261274.0
2023-03-15,0.0,6251.143,38261274.0
2023-03-16,0.0,6251.143,38261274.0
2023-03-17,0.0,6251.143,38261274.0
2023-03-18,0.0,6251.143,38261274.0
2023-03-19,40307.0,5758.143,38301581.0
2023-03-20,0.0,5758.143,38301581.0
2023-03-21,0.0,5758.143,38301581.0
2023-03-22,0.0,5758.143,38301581.0
2023-03-23,0.0,5758.143,38301581.0
2023-03-24,0.0,5758.143,38301581.0
2023-03-25,0.0,5758.143,38301581.0
2023-03-26,32639.0,4662.714,38334220.0
2023-03-27,0.0,4662.714,38334220.0
2023-03-28,0.0,4662.714,38334220.0
2023-03-29,0.0,4662.714,38334220.0
2023-03-30,0.0,4662.714,38334220.0
2023-03-31,0.0,4662.714,38334220.0
2023-04-01,0.0,4662.714,38334220.0
2023-04-02,22652.0,3236.0,38356872.0
2023-04-03,0.0,3236.0,38356872.0
2023-04-04,0.0,3236.0,38356872.0
2023-04-05,0.0,3236.0,38356872.0
2023-04-06,0.0,3236.0,38356872.0
2023-04-07,0.0,3236.0,38356872.0
2023-04-08,0.0,3236.0,38356872.0
2023-04-09,14679.0,2097.0,38371551.0
2023-04-10,0.0,2097.0,38371551.0
2023-04-11,0.0,2097.0,38371551.0
2023-04-12,0.0,2097.0,38371551.0
2023-04-13,0.0,2097.0,38371551.0
2023-04-14,0.0,2097.0,38371551.0
2023-04-15,0.0,2097.0,38371551.0
2023-04-16,13045.0,1863.571,38384596.0
2023-04-17,0.0,1863.571,38384596.0
2023-04-18,0.0,1863.571,38384596.0
2023-04-19,0.0,1863.571,38384596.0
2023-04-20,0.0,1863.571,38384596.0
2023-04-21,0.0,1863.571,38384596.0
2023-04-22,0.0,1863.571,38384596.0
2023-04-23,11468.0,1638.286,38396064.0
2023-04-24,0.0,1638.286,38396064.0
2023-04-25,0.0,1638.286,38396064.0
2023-04-26,0.0,1638.286,38396064.0
2023-04-27,0.0,1638.286,38396064.0
2023-04-28,0.0,1638.286,38396064.0
2023-04-29,0.0,1638.286,38396064.0
2023-04-30,9193.0,1313.286,38405257.0
2023-05-01,0.0,1313.286,38405257.0
2023-05-02,0.0,1313.286,38405257.0
2023-05-03,0.0,1313.286,38405257.0
2023-05-04,0.0,1313.286,38405257.0
2023-05-05,0.0,1313.286,38405257.0
2023-05-06,0.0,1313.286,38405257.0
2023-05-07,7360.0,1051.429,38412617.0
2023-05-08,0.0,1051.429,38412617.0
2023-05-09,0.0,1051.429,38412617.0
2023-05-10,0.0,1051.429,38412617.0
2023-05-11,0.0,1051.429,38412617.0
2023-05-12,0.0,1051.429,38412617.0
2023-05-13,0.0,1051.429,38412617.0
2023-05-14,6708.0,958.286,38419325.0
2023-05-15,0.0,958.286,38419325.0
2023-05-16,0.0,958.286,38419325.0
2023-05-17,0.0,958.286,38419325.0
2023-05-18,0.0,958.286,38419325.0
2023-05-19,0.0,958.286,38419325.0
2023-05-20,0.0,958.286,38419325.0
2023-05-21,4359.0,622.714,38423684.0
2023-05-22,0.0,622.714,38423684.0
2023-05-23,0.0,622.714,38423684.0
2023-05-24,0.0,622.714,38423684.0
2023-05-25,0.0,622.714,38423684.0
2023-05-26,0.0,622.714,38423684.0
2023-05-27,0.0,622.714,38423684.0
2023-05-28,4272.0,610.286,38427956.0
2023-05-29,0.0,610.286,38427956.0
2023-05-30,0.0,610.286,38427956.0
2023-05-31,0.0,610.286,38427956.0
2023-06-01,0.0,610.286,38427956.0
2023-06-02,0.0,610.286,38427956.0
2023-06-03,0.0,610.286,38427956.0
2023-06-04,2767.0,395.286,38430723.0
2023-06-05,0.0,395.286,38430723.0
2023-06-06,0.0,395.286,38430723.0
2023-06-07,0.0,395.286,38430723.0
2023-06-08,0.0,395.286,38430723.0
2023-06-09,0.0,395.286,38430723.0
2023-06-10,0.0,395.286,38430723.0
2023-06-11,2392.0,341.714,38433115.0
2023-06-12,0.0,341.714,38433115.0
2023-06-13,0.0,341.714,38433115.0
2023-06-14,0.0,341.714,38433115.0
2023-06-15,0.0,341.714,38433115.0
2023-06-16,0.0,341.714,38433115.0
2023-06-17,0.0,341.714,38433115.0
2023-06-18,2014.0,287.714,38435129.0
2023-06-19,0.0,287.714,38435129.0
2023-06-20,0.0,287.714,38435129.0
2023-06-21,0.0,287.714,38435129.0
2023-06-22,0.0,287.714,38435129.0
2023-06-23,0.0,287.714,38435129.0
2023-06-24,0.0,287.714,38435129.0
2023-06-25,1528.0,218.286,38436657.0
2023-06-26,0.0,218.286,38436657.0
2023-06-27,0.0,218.286,38436657.0
2023-06-28,0.0,218.286,38436657.0
2023-06-29,0.0,218.286,38436657.0
2023-06-30,0.0,218.286,38436657.0
2023-07-01,0.0,218.286,38436657.0
2023-07-02,1099.0,157.0,38437756.0
2023-07-03,0.0,157.0,38437756.0
2023-07-04,0.0,157.0,38437756.0
2023-07-05,0.0,157.0,38437756.0
2023-07-06,0.0,157.0,38437756.0
2023-07-07,0.0,157.0,38437756.0
2023-07-08,0.0,157.0,38437756.0
2023-07-09,0.0,0.0,38437756.0
