Day,data,smoothed
2020-02-04,1.2603296690672148e-06,1.9316856948364403e-07
2020-02-05,1.340602874848925e-06,3.875563528844785e-07
2020-02-06,1.431848096697281e-06,5.842931824824746e-07
2020-02-07,1.5413262275975637e-06,7.843366377274944e-07
2020-02-08,1.6691986207272226e-06,9.88402532617516e-07
2020-02-09,1.8332141256058327e-06,1.1969155959173336e-06
2020-02-10,2.067014879731859e-06,1.4099797397475772e-06
2020-02-11,2.3849613158984127e-06,1.6273703706460347e-06
2020-02-12,2.7387281574590157e-06,1.8485485704086296e-06
2020-02-13,3.075472238798572e-06,2.072687394403121e-06
2020-02-14,3.3943867940298293e-06,2.298713218962539e-06
2020-02-15,3.6726403485435165e-06,2.5253645604730334e-06
2020-02-16,3.886029925722033e-06,2.751257269072638e-06
2020-02-17,4.065777365402083e-06,2.974960769313851e-06
2020-02-18,4.23608564420127e-06,3.1950918368225526e-06
2020-02-19,4.439067941434218e-06,3.4104178676969435e-06
2020-02-20,4.714175108987617e-06,3.6199778568827072e-06
2020-02-21,5.001383764849816e-06,3.823226908466716e-06
2020-02-22,5.2760068728708646e-06,4.020186870012033e-06
2020-02-23,5.602182321087401e-06,4.211608192850954e-06
2020-02-24,5.947155414476942e-06,4.39914485701011e-06
2020-02-25,6.226861147587686e-06,4.585503026045788e-06
2020-02-26,6.434038627434351e-06,4.774563443996839e-06
2020-02-27,6.564573347991947e-06,4.9714828961097056e-06
2020-02-28,6.612414565106072e-06,5.182736680180778e-06
2020-02-29,6.5889376777869985e-06,5.416115070964915e-06
2020-03-01,6.502210344907262e-06,5.680675709107476e-06
2020-03-02,6.384745231723171e-06,5.986616490445473e-06
2020-03-03,6.276477249653769e-06,6.345097942125533e-06
2020-03-04,6.190476006072559e-06,6.7680193779884185e-06
2020-03-05,6.135857955505506e-06,7.267729212038436e-06
2020-03-06,6.181762934490223e-06,7.856704412139744e-06
2020-03-07,6.380872755464354e-06,8.547189749910139e-06
2020-03-08,6.71003323746373e-06,9.350784812909901e-06
2020-03-09,7.188768114959879e-06,1.0278005164989413e-05
2020-03-10,7.8040077805793e-06,1.1337808526261247e-05
2020-03-11,8.555994264088165e-06,1.253709246493519e-05
2020-03-12,9.58655700846562e-06,1.3880172285555603e-05
2020-03-13,1.0818972577833868e-05,1.536823986043329e-05
2020-03-14,1.2068652937189339e-05,1.69988457308242e-05
2020-03-15,1.3519218002470899e-05,1.876542957541328e-05
2020-03-16,1.5290069124992044e-05,2.0656939432897413e-05
2020-03-17,1.7283910338750024e-05,2.2657609578755217e-05
2020-03-18,1.959723084386034e-05,2.474692558083745e-05
2020-03-19,2.219170926067845e-05,2.6899828019821e-05
2020-03-20,2.4918981342538468e-05,2.908720325829547e-05
2020-03-21,2.7955406112393977e-05,3.127665175096886e-05
2020-03-22,3.12119166162922e-05,3.3433528961382e-05
2020-03-23,3.454878100256087e-05,3.552221724423367e-05
2020-03-24,3.8533962455826346e-05,3.750753789166359e-05
2020-03-25,4.312954297938771e-05,3.935621324784928e-05
2020-03-26,4.761717822723458e-05,4.103826668952483e-05
2020-03-27,5.172789245255668e-05,4.252823737575188e-05
2020-03-28,5.474487416452939e-05,4.3806110019664833e-05
2020-03-29,5.618664548163988e-05,4.485788821200271e-05
2020-03-30,5.6591883986807244e-05,4.567577293088966e-05
2020-03-31,5.5988665132907905e-05,4.625794766822488e-05
2020-04-01,5.459070120347526e-05,4.6608019313190375e-05
2020-04-02,5.3148445826832415e-05,4.673419470252559e-05
2020-04-03,5.169667061271998e-05,4.664828770353233e-05
2020-04-04,5.0560018154168704e-05,4.6364669505617624e-05
2020-04-05,5.013654673994941e-05,4.5899264992144014e-05
2020-04-06,4.9966238461150215e-05,4.526867251753132e-05
2020-04-07,4.968257957519193e-05,4.4489468134140854e-05
2020-04-08,4.8985453172016297e-05,4.357772002802643e-05
2020-04-09,4.780983392111068e-05,4.25487071860481e-05
2020-04-10,4.6495692967363675e-05,4.1416821975428536e-05
2020-04-11,4.500987223280914e-05,4.019560774762565e-05
2020-04-12,4.3444907764715054e-05,3.889787790529164e-05
2020-04-13,4.185622437953572e-05,3.753587846654678e-05
2020-04-14,4.000066283885296e-05,3.6121442611837435e-05
2020-04-15,3.8214321811296555e-05,3.466609640150796e-05
2020-04-16,3.6621039860559874e-05,3.318110682909621e-05
2020-04-17,3.495095379735667e-05,3.167745809780949e-05
2020-04-18,3.331596205024899e-05,3.0165754168972427e-05
2020-04-19,3.161586429603997e-05,2.8656076161764214e-05
2020-04-20,2.9744570820555776e-05,2.715780353307724e-05
2020-04-21,2.7845847304904968e-05,2.5679420643913313e-05
2020-04-22,2.5830707471723503e-05,2.4228365821535864e-05
2020-04-23,2.372028858725741e-05,2.2810923897254816e-05
2020-04-24,2.178598669597873e-05,2.1432169927804728e-05
2020-04-25,2.0213599981721912e-05,2.0096009954696957e-05
2020-04-26,1.9017811583634967e-05,1.8805293549808278e-05
2020-04-27,1.8148440663530737e-05,1.7561992443571212e-05
2020-04-28,1.754643195846227e-05,1.636745695306847e-05
2020-04-29,1.6984600194579023e-05,1.522268343517349e-05
2020-04-30,1.6233743183312313e-05,1.4128573139932167e-05
2020-05-01,1.5279984551401378e-05,1.3086172267559733e-05
2020-05-02,1.4119935882119758e-05,1.2096829184756041e-05
2020-05-03,1.2776509326665446e-05,1.116227405861666e-05
2020-05-04,1.13950840979215e-05,1.0284620053371164e-05
2020-05-05,1.0069003009043135e-05,9.466259667278435e-06
2020-05-06,8.845623217612126e-06,8.709689968415237e-06
2020-05-07,7.815141149823396e-06,8.017286197269195e-06
2020-05-08,7.012570445183743e-06,7.391046863069192e-06
2020-05-09,6.396039954144717e-06,6.832348613312891e-06
2020-05-10,5.903590056565261e-06,6.34171710315441e-06
2020-05-11,5.484313824959684e-06,5.918643918748956e-06
2020-05-12,5.144423356659839e-06,5.561466262885805e-06
2020-05-13,4.899811939644618e-06,5.267303784553492e-06
2020-05-14,4.712803606979286e-06,5.03207832811575e-06
2020-05-15,4.569764015169264e-06,4.8506050898737915e-06
2020-05-16,4.52087400240171e-06,4.716738035364449e-06
2020-05-17,4.585011890438353e-06,4.623581656299857e-06
2020-05-18,4.769680602030649e-06,4.563747524774203e-06
2020-05-19,5.057776700368827e-06,4.529641277579344e-06
2020-05-20,5.363783001404031e-06,4.5137732102264575e-06
2020-05-21,5.71190248175386e-06,4.509064772129444e-06
2020-05-22,6.122546318365825e-06,4.509139069684059e-06
2020-05-23,6.473489479321041e-06,4.508584320851834e-06
2020-05-24,6.737301924452894e-06,4.503167309301511e-06
2020-05-25,6.8813096353276205e-06,4.48998328714905e-06
2020-05-26,6.839196456012994e-06,4.467535690217199e-06
2020-05-27,6.701884902002471e-06,4.435742004008646e-06
2020-05-28,6.48026631277397e-06,4.395867882589032e-06
2020-05-29,6.147072001338328e-06,4.350396556673248e-06
2020-05-30,5.819363697936009e-06,4.30285020824944e-06
2020-05-31,5.509404244053264e-06,4.2575803758676525e-06
2020-06-01,5.204366062082765e-06,4.2195362285379546e-06
2020-06-02,4.9933161059772825e-06,4.194029331794719e-06
2020-06-03,4.849631101457458e-06,4.1865138332087514e-06
2020-06-04,4.705220007639105e-06,4.202384470225462e-06
2020-06-05,4.57968723558248e-06,4.246803117873697e-06
2020-06-06,4.486102392661089e-06,4.324564730733534e-06
2020-06-07,4.447377630072927e-06,4.439992720337204e-06
2020-06-08,4.489329456210104e-06,4.596861487434536e-06
2020-06-09,4.582752945954043e-06,4.798350563750242e-06
2020-06-10,4.729422984256706e-06,5.0470246086143865e-06
2020-06-11,4.939666174474934e-06,5.344837176386537e-06
2020-06-12,5.195249607556802e-06,5.693154645487081e-06
2020-06-13,5.515212958441489e-06,6.092798415738192e-06
2020-06-14,5.886728649521665e-06,6.544106763979477e-06
2020-06-15,6.282770023574345e-06,7.0470078278498774e-06
2020-06-16,6.771024738540084e-06,7.601107026728698e-06
2020-06-17,7.428458260062856e-06,8.205784499414371e-06
2020-06-18,8.243856542309836e-06,8.860285573311683e-06
2020-06-19,9.116535202551808e-06,9.563817150367594e-06
2020-06-20,9.940727232969851e-06,1.0315644137978762e-05
2020-06-21,1.0710059183054662e-05,1.1115165619086816e-05
2020-06-22,1.1436955247469952e-05,1.196198461494021e-05
2020-06-23,1.2171112204870518e-05,1.2855964277221917e-05
2020-06-24,1.3014989322937542e-05,1.3797261955758814e-05
2020-06-25,1.3945997156827932e-05,1.478635696919204e-05
2020-06-26,1.4941465585109864e-05,1.58240586722182e-05
2020-06-27,1.5971302240188792e-05,1.6911497858816244e-05
2020-06-28,1.6940470100546266e-05,1.8050121837387244e-05
2020-06-29,1.7977002912489397e-05,1.9241671551619483e-05
2020-06-30,1.9176986493190058e-05,2.0488131722851584e-05
2020-07-01,2.042206828698818e-05,2.1791659114749015e-05
2020-07-02,2.1748875465165076e-05,2.3154468508055694e-05
2020-07-03,2.3119167324664924e-05,2.4578668070108898e-05
2020-07-04,2.4363119646220896e-05,2.6066036724583123e-05
2020-07-05,2.5646522819663557e-05,2.7617725325645825e-05
2020-07-06,2.7148720901729332e-05,2.9233888697418562e-05
2020-07-07,2.8787988508039455e-05,3.091326345894209e-05
2020-07-08,3.0500349103734733e-05,3.265270956503953e-05
2020-07-09,3.219883332616925e-05,3.444675353667958e-05
2020-07-10,3.3817367049176967e-05,3.6287175821617777e-05
2020-07-11,3.5373537769099984e-05,3.816269420953727e-05
2020-07-12,3.6949958312793074e-05,4.005880063851562e-05
2020-07-13,3.8759372844724935e-05,4.195779701808195e-05
2020-07-14,4.089899665430959e-05,4.383906628621247e-05
2020-07-15,4.350920700592915e-05,4.567959765520396e-05
2020-07-16,4.677233299010286e-05,4.7454757248093986e-05
2020-07-17,5.033977106694853e-05,4.9139264927815754e-05
2020-07-18,5.3836375098893357e-05,5.07083117303183e-05
2020-07-19,5.71486331256008e-05,5.213873549501877e-05
2020-07-20,5.994504504399843e-05,5.341016112834668e-05
2020-07-21,6.21041119114659e-05,5.450600539474856e-05
2020-07-22,6.372813164250694e-05,5.5414255276335106e-05
2020-07-23,6.479443411568972e-05,5.612794993319285e-05
2020-07-24,6.546961648673206e-05,5.664532297526844e-05
2020-07-25,6.568026305989392e-05,5.696960009059555e-05
2020-07-26,6.506518474745194e-05,5.710847750762015e-05
2020-07-27,6.382341069379156e-05,5.7073340765225425e-05
2020-07-28,6.234719047329534e-05,5.687831268485207e-05
2020-07-29,6.076407377273806e-05,5.6539216963116684e-05
2020-07-30,5.922169874948706e-05,5.607255514824125e-05
2020-07-31,5.778315449592557e-05,5.5494595425119916e-05
2020-08-01,5.6579782498498446e-05,5.4820631829594795e-05
2020-08-02,5.589717788129337e-05,5.406445465956348e-05
2020-08-03,5.5659020591376176e-05,5.3238057178171825e-05
2020-08-04,5.551961144605879e-05,5.2351564017193986e-05
2020-08-05,5.5187304577099136e-05,5.141334544384653e-05
2020-08-06,5.4475333681598035e-05,5.043027172764454e-05
2020-08-07,5.3409837974302507e-05,4.940805408897258e-05
2020-08-08,5.2094648224902066e-05,4.835162205281286e-05
2020-08-09,5.0643357070321976e-05,4.7265496319524286e-05
2020-08-10,4.9196261098355604e-05,4.6154128557814925e-05
2020-08-11,4.781556195891019e-05,4.502218235537429e-05
2020-08-12,4.649617702689602e-05,4.387473784058233e-05
2020-08-13,4.520809461130729e-05,4.271742498204075e-05
2020-08-14,4.3978180016189534e-05,4.155648592005073e-05
2020-08-15,4.2867021359675464e-05,4.039875615967346e-05
2020-08-16,4.183436102399115e-05,3.925157383977389e-05
2020-08-17,4.075103579058733e-05,3.8122622558981626e-05
2020-08-18,3.948626890914022e-05,3.7019704096883423e-05
2020-08-19,3.802045596858957e-05,3.595046008020631e-05
2020-08-20,3.6443712718541584e-05,3.4922057749226864e-05
2020-08-21,3.482364614034809e-05,3.394085321676528e-05
2020-08-22,3.324335312039619e-05,3.3012071245701276e-05
2020-08-23,3.1813844644771946e-05,3.2139526523739855e-05
2020-08-24,3.053600815595133e-05,3.1325411690462654e-05
2020-08-25,2.948906806406263e-05,3.057020255130872e-05
2020-08-26,2.8864631267328527e-05,2.987269734290284e-05
2020-08-27,2.8579439526184456e-05,2.9230185488586953e-05
2020-08-28,2.846608891902536e-05,2.8638750605757134e-05
2020-08-29,2.8511187132122825e-05,2.809368207252646e-05
2020-08-30,2.8624699092459373e-05,2.7589955390459744e-05
2020-08-31,2.8716186344073904e-05,2.712274252430606e-05
2020-09-01,2.8699566966796487e-05,2.6687889174363252e-05
2020-09-02,2.847923920298759e-05,2.628230340463517e-05
2020-09-03,2.8147497070149e-05,2.5904221919460142e-05
2020-09-04,2.780171721087221e-05,2.5553322138703863e-05
2020-09-05,2.7433105876986147e-05,2.52306654510447e-05
2020-09-06,2.6907013841908222e-05,2.493848288117201e-05
2020-09-07,2.6057812068985324e-05,2.4679831057124744e-05
2020-09-08,2.5046369676135773e-05,2.4458161065118035e-05
2020-09-09,2.407768587531065e-05,2.4276851290404982e-05
2020-09-10,2.3204845861891235e-05,2.4138758706236236e-05
2020-09-11,2.258258733305271e-05,2.4045843948102616e-05
2020-09-12,2.2290538081866988e-05,2.399891211504431e-05
2020-09-13,2.237823353381143e-05,2.399749015336692e-05
2020-09-14,2.295474843684269e-05,2.4039843764070123e-05
2020-09-15,2.3871960574061044e-05,2.412312143739025e-05
2020-09-16,2.482620326550433e-05,2.4243599649545864e-05
2020-09-17,2.5623691345054286e-05,2.439698705130092e-05
2020-09-18,2.615583412428661e-05,2.4578747006404373e-05
2020-09-19,2.640585087274643e-05,2.4784404526449547e-05
2020-09-20,2.6460630276490935e-05,2.5009797610513058e-05
2020-09-21,2.6408835906529266e-05,2.525125998651335e-05
2020-09-22,2.6300164541516235e-05,2.550573504048033e-05
2020-09-23,2.626966879097806e-05,2.577081673020627e-05
2020-09-24,2.6458048625651723e-05,2.6044747347022748e-05
2020-09-25,2.6790758877555013e-05,2.632639386908827e-05
2020-09-26,2.716154847933666e-05,2.661521370962506e-05
2020-09-27,2.757662952832852e-05,2.6911240091208603e-05
2020-09-28,2.8003812065629177e-05,2.7215091998034644e-05
2020-09-29,2.8435189785543558e-05,2.7528002389170596e-05
2020-09-30,2.888996371618828e-05,2.7851866987998207e-05
2020-10-01,2.92657552664709e-05,2.8189297848619182e-05
2020-10-02,2.955675572200319e-05,2.8543659708942447e-05
2020-10-03,2.9894387245818727e-05,2.891908408085628e-05
2020-10-04,3.0232664182344063e-05,2.9320459614026028e-05
2020-10-05,3.04562996862907e-05,2.975337388753339e-05
2020-10-06,3.055262753322875e-05,3.0224011840795773e-05
2020-10-07,3.0585059521896336e-05,3.0739053055155475e-05
2020-10-08,3.06425819296575e-05,3.130556012010645e-05
2020-10-09,3.071543288927648e-05,3.193086664227866e-05
2020-10-10,3.084830723090711e-05,3.262251076562501e-05
2020-10-11,3.1224905547076985e-05,3.3388205819797796e-05
2020-10-12,3.196769489947116e-05,3.42358448154081e-05
2020-10-13,3.303335195994414e-05,3.517353896862787e-05
2020-10-14,3.426778444403052e-05,3.620965095332161e-05
2020-10-15,3.5606773787104945e-05,3.7352804211740703e-05
2020-10-16,3.691825241342402e-05,3.861184933821784e-05
2020-10-17,3.797132392605584e-05,3.999575072514175e-05
2020-10-18,3.8873449541182564e-05,4.1513367501046766e-05
2020-10-19,3.970925900037705e-05,4.317312269834347e-05
2020-10-20,4.0503681369555445e-05,4.498257095917303e-05
2020-10-21,4.163783285385623e-05,4.6947872439349486e-05
2020-10-22,4.317262427776704e-05,4.9073210629221796e-05
2020-10-23,4.493113188221321e-05,5.1360200746896506e-05
2020-10-24,4.701533087534357e-05,5.380731343843126e-05
2020-10-25,4.940037286783071e-05,5.640937620528954e-05
2020-10-26,5.2097149199152544e-05,5.915720867077368e-05
2020-10-27,5.525466952868479e-05,6.203742011437469e-05
2020-10-28,5.873626771512671e-05,6.503242147811292e-05
2020-10-29,6.243988787374075e-05,6.81206732139205e-05
2020-10-30,6.645959890698067e-05,7.127716861611353e-05
2020-10-31,7.052061635364795e-05,7.447416798199665e-05
2020-11-01,7.433678035353385e-05,7.768215659008695e-05
2020-11-02,7.833567682688263e-05,8.087097221507649e-05
2020-11-03,8.277571288738155e-05,8.401104988342543e-05
2020-11-04,8.735322185506844e-05,8.707470134320129e-05
2020-11-05,9.22241515759494e-05,9.003733661635799e-05
2020-11-06,9.733114099544069e-05,9.287854381687212e-05
2020-11-07,0.00010184967537676936,9.558293419710892e-05
2020-11-08,0.00010536717464519405,9.814068033807351e-05
2020-11-09,0.00010781264340263646,0.00010054771226787447
2020-11-10,0.00010925159103914157,0.00010280555100229163
2020-11-11,0.00011010240634383897,0.00010492079630060403
2020-11-12,0.00011051159800185389,0.00010690433299198946
2020-11-13,0.00011053951210155285,0.00010877033769703665
2020-11-14,0.00011062406116653701,0.00011053516642971384
2020-11-15,0.00011131158705565432,0.00011221621698691979
2020-11-16,0.00011276997775004224,0.00011383087917069757
2020-11-17,0.00011469475980385134,0.00011539563796011284
2020-11-18,0.00011678549360066844,0.00011692537802215741
2020-11-19,0.00011862516185337231,0.00011843295754506442
2020-11-20,0.00011992833079105267,0.00011992902851491177
2020-11-21,0.0001209880984605487,0.00012142208231458518
2020-11-22,0.00012192225268139937,0.00012291874654032063
2020-11-23,0.0001228405942908599,0.00012442424735854913
2020-11-24,0.0001241043930532423,0.00012594296592470392
2020-11-25,0.00012571074461135246,0.00012747906937271927
2020-11-26,0.0001277465376512476,0.00012903711132239648
2020-11-27,0.00013027163420176193,0.0001306225447493578
2020-11-28,0.00013281585110380418,0.00013224212744168147
2020-11-29,0.00013508455745534937,0.00013390413629707745
2020-11-30,0.00013694899342079193,0.0001356183760889213
2020-12-01,0.00013817084035703714,0.0001373960214718034
2020-12-02,0.00013881689847954965,0.00013924930566279085
2020-12-03,0.0001390984597742011,0.00014119111363895356
2020-12-04,0.00013911532118124467,0.00014323457605211324
2020-12-05,0.0001391899470258156,0.00014539274225788693
2020-12-06,0.00013982438771955168,0.00014767838633543106
2020-12-07,0.0001413771700227482,0.00015010398064661346
2020-12-08,0.0001441609963933047,0.00015268183967990904
2020-12-09,0.00014815537497768486,0.00015542436532693394
2020-12-10,0.00015274458205073694,0.0001583442590091507
2020-12-11,0.00015736420419773845,0.00016145456103459208
2020-12-12,0.00016184086742951869,0.00016476836918675344
2020-12-13,0.00016596545802810154,0.00016829809616617452
2020-12-14,0.00016931079345618635,0.00017205423034741545
2020-12-15,0.00017173149450089008,0.00017604361812581333
2020-12-16,0.0001732770965876901,0.00018026734932925767
2020-12-17,0.00017391419960885408,0.0001847184916149006
2020-12-18,0.0001744829695593677,0.00018937994401461148
2020-12-19,0.0001759107838266287,0.00019422269386051036
2020-12-20,0.00017831462346428888,0.00019920480537899117
2020-12-21,0.0001828626048005023,0.00020427133918429332
2020-12-22,0.00019079617918257445,0.00020935530696451516
2020-12-23,0.00020178255568201344,0.00021437967508726753
2020-12-24,0.00021523448940948738,0.00021926025876584082
2020-12-25,0.00022962485321701448,0.00022390925735349436
2020-12-26,0.00024257626938803647,0.00022823909391606626
2020-12-27,0.00025278887672501067,0.0002321661800456037
2020-12-28,0.0002595296477427788,0.00023561428950958916
2020-12-29,0.00026264279594851207,0.00023851729427071014
2020-12-30,0.00026298381588905407,0.00024082110843492998
2020-12-31,0.000261694361971457,0.00024248478438211406
2021-01-01,0.0002601527130375045,0.00024348082550340502
2021-01-02,0.00025930730306425177,0.00024379487274268783
2021-01-03,0.0002593946758098413,0.00024342494851028462
2021-01-04,0.00026033609092367723,0.00024238046304954068
2021-01-05,0.00026109090108779147,0.00024068113683559436
2021-01-06,0.0002605777173069096,0.00023835592895142614
2021-01-07,0.00025864769127483336,0.00023544203383935714
2021-01-08,0.00025500732156178,0.0002319839275870455
2021-01-09,0.00024969541360692635,0.0002280324071163482
2021-01-10,0.00024349420761455334,0.00022364357477587117
2021-01-11,0.0002364813951396034,0.00021887769469543613
2021-01-12,0.00022876637363638817,0.00021379787514784175
2021-01-13,0.00022107039180811207,0.00020846860078956953
2021-01-14,0.00021328098649009208,0.0002029541554943697
2021-01-15,0.00020528867955142786,0.0001973169973837905
2021-01-16,0.00019742989236710404,0.00019161621361520146
2021-01-17,0.00018954060943224206,0.00018590616045838584
2021-01-18,0.00018185947209629146,0.0001802354532080256
2021-01-19,0.00017495686384154036,0.0001746458682903136
2021-01-20,0.00016883221993186767,0.0001691724753708875
2021-01-21,0.00016327812085766054,0.00016384335713492498
2021-01-22,0.00015819355952983492,0.00015868003434769715
2021-01-23,0.00015372496395692724,0.00015369808853299343
2021-01-24,0.00014996148176947896,0.00014890793148855785
2021-01-25,0.00014652465908977962,0.00014431566377140652
2021-01-26,0.00014261886339981986,0.00013992391308440344
2021-01-27,0.0001377395433137115,0.00013573257174721764
2021-01-28,0.000132558008726238,0.0001317394047554984
2021-01-29,0.0001278393964048705,0.00012794049491460715
2021-01-30,0.00012364719882493582,0.00012433052863553823
2021-01-31,0.0001199854498158702,0.00012090294179719497
2021-02-01,0.0001165736368786757,0.00011764997594475128
2021-02-02,0.00011338457200295185,0.00011456270197198238
2021-02-03,0.0001108739972384081,0.0001116310368802614
2021-02-04,0.0001088256993272605,0.00010884380823170955
2021-02-05,0.00010684912290348975,0.00010618891246187825
2021-02-06,0.000104884002555318,0.00010365357174114586
2021-02-07,0.00010275494737885635,0.00010122469513832694
2021-02-08,0.00010055215380029976,9.88893392991527e-05
2021-02-09,9.842422809608026e-05,9.663522854115896e-05
2021-02-10,9.625790033562751e-05,9.445130042318456e-05
2021-02-11,9.412529538926196e-05,9.232825455546689e-05
2021-02-12,9.223657577061309e-05,9.025903473498743e-05
2021-02-13,9.068476158648124e-05,8.823919487355332e-05
2021-02-14,8.938667527389056e-05,8.626712498410575e-05
2021-02-15,8.815442105769976e-05,8.434407247848349e-05
2021-02-16,9.19993865997606e-05,8.247395458176407e-05
2021-02-17,8.365129590481763e-05,8.066299157903967e-05
2021-02-18,8.119049859551741e-05,7.891915646779939e-05
2021-02-19,7.837585376806785e-05,7.725149956995681e-05
2021-02-20,7.535088507381133e-05,7.56694447056926e-05
2021-02-21,7.250727735100938e-05,7.418213573158861e-05
2021-02-22,7.012312280099822e-05,7.279792160952433e-05
2021-02-23,6.845142320602052e-05,7.152404608357698e-05
2021-02-24,6.751008876877328e-05,7.0366568208737e-05
2021-02-25,6.698617500159094e-05,6.933053763504814e-05
2021-02-26,6.665854737477735e-05,6.842042322493863e-05
2021-02-27,6.663619995970043e-05,6.764070903586962e-05
2021-02-28,6.693268642326605e-05,6.699654358903896e-05
2021-03-01,6.713607210344262e-05,6.649435491672332e-05
2021-03-02,6.706765835620352e-05,6.61423183664875e-05
2021-03-03,6.672792924108115e-05,6.59505759242092e-05
2021-03-04,6.603693425864862e-05,6.59311663819514e-05
2021-03-05,6.509624523411119e-05,6.609763605523368e-05
2021-03-06,6.377718300845194e-05,6.646434943434011e-05
2021-03-07,6.220003637546032e-05,6.704559113322026e-05
2021-03-08,6.093155837093185e-05,6.785453703653982e-05
2021-03-09,6.019304487774011e-05,6.890220995225626e-05
2021-03-10,6.026387892264096e-05,7.019657849415899e-05
2021-03-11,6.131162578041692e-05,7.174187324982942e-05
2021-03-12,6.31294306775762e-05,7.353817478463315e-05
2021-03-13,6.56811505023699e-05,7.558135578169265e-05
2021-03-14,6.884512495900015e-05,7.786335377616403e-05
2021-03-15,7.256899494138426e-05,8.037270907560732e-05
2021-03-16,7.670141116907348e-05,8.309527351482692e-05
2021-03-17,8.07574266672398e-05,8.601535469995713e-05
2021-03-18,8.476479418240473e-05,8.911612854506318e-05
2021-03-19,8.873488911357857e-05,9.23808389768934e-05
2021-03-20,9.228780540445368e-05,9.5793361839961e-05
2021-03-21,9.5453232039681e-05,9.933870758032611e-05
2021-03-22,9.838558401008083e-05,0.00010300335429318483
2021-03-23,0.00010137658786048396,0.00010677540343797204
2021-03-24,0.00010490659200016109,0.00011064457564862238
2021-03-25,0.00010892815859494169,0.00011460208811701302
2021-03-26,0.00011320490523986054,0.0001186404487004459
2021-03-27,0.00011775345131219504,0.00012275318215086128
2021-03-28,0.00012255685472831288,0.00012693449981417363
2021-03-29,0.00012732766480258567,0.00013117891402798904
2021-03-30,0.0001318316773979438,0.00013548077221990458
2021-03-31,0.00013633907841002836,0.00013983371651725746
2021-04-01,0.00014090593806800352,0.00014423008602225856
2021-04-02,0.00014521229302098457,0.00014866028240872588
2021-04-03,0.00014921982188932694,0.00015311215319086598
2021-04-04,0.0001529090009385592,0.00015757044252540515
2021-04-05,0.0001566949918942618,0.00016201640023713124
2021-04-06,0.0001609920690395394,0.00016642765265189704
2021-04-07,0.00016530060226041602,0.00017077838879179128
2021-04-08,0.00016994862256664885,0.000175039920385832
2021-04-09,0.00017577532783415888,0.00017918162027677956
2021-04-10,0.00018223607041246132,0.0001831721687707632
2021-04-11,0.00018893327607231772,0.00018698104096081307
2021-04-12,0.00019570292930884945,0.00019058008765001714
2021-04-13,0.00020159667682159024,0.00019394500867400937
2021-04-14,0.00020643339966885165,0.00019705655784219058
2021-04-15,0.00021060026479992656,0.00019990131078029375
2021-04-16,0.00021393446685876732,0.0002024718691315819
2021-04-17,0.00021634734227436467,0.00020476645525438627
2021-04-18,0.00021764817159097204,0.0002067878821490691
2021-04-19,0.00021744026802182682,0.0002085420234387319
2021-04-20,0.00021609797093861467,0.00021003595150904236
2021-04-21,0.00021455107802639508,0.00021127595618152428
2021-04-22,0.0002132963957185386,0.00021226570565200355
2021-04-23,0.00021244896883056767,0.00021300476829126718
2021-04-24,0.00021239063965691925,0.00021348767492994925
2021-04-25,0.00021353850616130334,0.00021370366984380714
2021-04-26,0.00021591063989959445,0.00021363718253934917
2021-04-27,0.00021931640209263452,0.00021326894967539433
2021-04-28,0.00022317653483337575,0.00021257764846982594
2021-04-29,0.0002264318351884431,0.00021154186284949553
2021-04-30,0.0002281178145396252,0.00021014213814333585
2021-05-01,0.00022785287262225116,0.00020836288484359872
2021-05-02,0.00022590316150252596,0.00020619395402612283
2021-05-03,0.00022268327816990903,0.00020363173577259022
2021-05-04,0.0002184661515240582,0.00020067978719590793
2021-05-05,0.00021355480283222588,0.00019734863460999262
2021-05-06,0.0002081873893843292,0.00019365562755617585
2021-05-07,0.00020265168457235148,0.0001896239409654194
2021-05-08,0.00019734752157001548,0.00018528161139913076
2021-05-09,0.00019201681596998883,0.0001806604198421782
2021-05-10,0.0001864986179777645,0.00017579480678165727
2021-05-11,0.0001813180515093557,0.00017072091918257954
2021-05-12,0.00017620606014136347,0.00016547579654558874
2021-05-13,0.00017061154209620496,0.00016009672576384885
2021-05-14,0.00016460283044453057,0.0001546207534123838
2021-05-15,0.00015808593696047533,0.0001490842792766321
2021-05-16,0.00015143697590067667,0.00014352269357397436
2021-05-17,0.00014474807992945898,0.0001379700259083669
2021-05-18,0.0001379797175183468,0.00013245855557265883
2021-05-19,0.0001312770258504571,0.00012701839029491245
2021-05-20,0.0001246365358324746,0.00012167704020424256
2021-05-21,0.00011820209382209663,0.00011645899731123041
2021-05-22,0.00011233569567293376,0.00011138536398705751
2021-05-23,0.00010684121659779467,0.00010647359597523345
2021-05-24,0.00010150397619408128,0.00010173739679620393
2021-05-25,9.642344869569191e-05,9.718678490993489e-05
2021-05-26,9.176066457372232e-05,9.282835630889598e-05
2021-05-27,8.751626924088236e-05,8.86657289066148e-05
2021-05-28,8.37473817219895e-05,8.47001280374434e-05
2021-05-29,8.048828956725207e-05,8.093107208366282e-05
2021-05-30,7.757142750188752e-05,7.735709336718236e-05
2021-05-31,7.480050938552709e-05,7.397642598265372e-05
2021-06-01,7.204903432704946e-05,7.0787599083416e-05
2021-06-02,7.265362468295715e-05,6.77898726230521e-05
2021-06-03,6.532923922234998e-05,6.498347773368705e-05
2021-06-04,6.204174890838122e-05,6.236965360925342e-05
2021-06-05,5.887115897147547e-05,5.995049708895794e-05
2021-06-06,5.595978291414424e-05,5.7728661567763123e-05
2021-06-07,5.337498568797316e-05,5.5706931353225016e-05
2021-06-08,5.103060469620359e-05,5.388773617785721e-05
2021-06-09,4.8958426514793306e-05,5.227270042063439e-05
2021-06-10,4.727067227865926e-05,5.086226114464121e-05
2021-06-11,4.592643895731769e-05,4.9655385821780914e-05
2021-06-12,4.5011001705051295e-05,4.864944572292618e-05
2021-06-13,4.448087584053711e-05,4.7840247742553254e-05
2021-06-14,4.3985682938940995e-05,4.722222845957924e-05
2021-06-15,4.3565196558504526e-05,4.678879004807372e-05
2021-06-16,4.341997869879892e-05,4.653274646622553e-05
2021-06-17,4.356019461000356e-05,4.6446831089833335e-05
2021-06-18,4.4021261314568865e-05,4.652423929352497e-05
2021-06-19,4.467385424076811e-05,4.6759187803698093e-05
2021-06-20,4.533233655794432e-05,4.714743535562632e-05
2021-06-21,4.604124174307385e-05,4.768672281735486e-05
2021-06-22,4.6837196967438025e-05,4.8377140407193096e-05
2021-06-23,4.758716653622876e-05,4.922139618055087e-05
2021-06-24,4.820224484867073e-05,5.022500464523229e-05
2021-06-25,4.8663392229824755e-05,5.1396417831766325e-05
2021-06-26,4.8956974336196255e-05,5.274708435351983e-05
2021-06-27,4.936269690089598e-05,5.429149429114434e-05
2021-06-28,5.0197699594203214e-05,5.6047186237901817e-05
2021-06-29,5.14442335665984e-05,5.80346747095861e-05
2021-06-30,5.3128196003062356e-05,6.027725001353886e-05
2021-07-01,5.535083602244539e-05,6.280085871318535e-05
2021-07-02,5.790626697032044e-05,6.563330510344922e-05
2021-07-03,6.050260094867923e-05,6.880376861145375e-05
2021-07-04,6.311870069127574e-05,7.234171160225495e-05
2021-07-05,6.588550430161117e-05,7.627557051863049e-05
2021-07-06,6.881761424224481e-05,8.063120439372222e-05
2021-07-07,7.159684204724394e-05,8.543015987378724e-05
2021-07-08,7.399608311934675e-05,9.068788839704595e-05
2021-07-09,7.65263429715395e-05,9.641208045224849e-05
2021-07-10,7.981802846812197e-05,0.00010260130648665442
2021-07-11,8.432865654375557e-05,0.00010924414732409831
2021-07-12,9.065241027440238e-05,0.0001163189307658002
2021-07-13,9.89599206452165e-05,0.0001237941875270711
2021-07-14,0.000109313147276339,0.00013162986251741732
2021-07-15,0.00012169192102058854,0.0001397791938968052
2021-07-16,0.00013489593559090954,0.00014819112249373279
2021-07-17,0.00014741185953599215,0.00015681303265040615
2021-07-18,0.00015898886934148927,0.00016559352518736786
2021-07-19,0.0001697627437062257,0.0001744849398100102
2021-07-20,0.00017983352160022076,0.00018344536438649067
2021-07-21,0.00018992325849256635,0.0001924398747247537
2021-07-22,0.00020002082101401822,0.00020144085373556024
2021-07-23,0.00020953283285450166,0.00021042731974869422
2021-07-24,0.00021830584714226098,0.00021938329420789215
2021-07-25,0.00022535415731625002,0.0002282953693454967
2021-07-26,0.00023089074957070372,0.00023714972323611098
2021-07-27,0.00023630229311263315,0.0002459288816810669
2021-07-28,0.00024235916868777657,0.00025460858993259824
2021-07-29,0.00024930114711782563,0.00026315511436939275
2021-07-30,0.0002574777193851385,0.00027152328379722657
2021-07-31,0.00026704426859960027,0.0002796554865762845
2021-08-01,0.00027816827935940467,0.0002874817420387529
2021-08-02,0.0002906816216536481,0.00029492088333341233
2021-08-03,0.0003038053630181874,0.0003018827477508441
2021-08-04,0.00031705617000996907,0.0003082711723219717
2021-08-05,0.00032974732350576306,0.0003139875647876932
2021-08-06,0.0003409696790272236,0.0003189347457285724
2021-08-07,0.0003496907375918439,0.0003230207861607002
2021-08-08,0.0003556670979314394,0.00032616261409129204
2021-08-09,0.00035970488052055374,0.00032828916257946785
2021-08-10,0.00036200609953735525,0.00032934393055681076
2021-08-11,0.00036283142104001544,0.00032928691635525077
2021-08-12,0.0003628769226360565,0.00032809590331055844
2021-08-13,0.0003620574905243733,0.0003257671311350222
2021-08-14,0.0003598298485564893,0.00032231540149549103
2021-08-15,0.0003562177156494898,0.0003177736674788605
2021-08-16,0.00035095235808633063,0.0003121922150655602
2021-08-17,0.00034361038512938135,0.00030563747411851505
2021-08-18,0.0003343582325811822,0.0002981904450444588
2021-08-19,0.000323336116352938,0.00028994480667186514
2021-08-20,0.00031113547651659396,0.000281004716646901
2021-08-21,0.00029853258320886554,0.00027148231061327216
2021-08-22,0.0002855902834923695,0.0002614949878302407
2021-08-23,0.00027214351306657395,0.0002511625172533275
2021-08-24,0.0002580586715005497,0.00024060408829311645
2021-08-25,0.00024287953268505502,0.00022993544427538218
2021-08-26,0.000227222869140895,0.0002192661950954745
2021-08-27,0.00021189714096368637,0.00020869743188855526
2021-08-28,0.00019763940946802375,0.00019831975717103336
2021-08-29,0.0001849597120478287,0.00018821180118836004
2021-08-30,0.00017370750618853976,0.0001784392831488073
2021-08-31,0.00016383567676234135,0.00016905461185926754
2021-09-01,0.00015530929080631538,0.00016009697911883918
2021-09-02,0.00014734933517973001,0.00015159289461950137
2021-09-03,0.000139775820413139,0.00014355705535277932
2021-09-04,0.00013261254610021631,0.0001359934615171725
2021-09-05,0.0001253251911938341,0.00012889667785085748
2021-09-06,0.00011820895133213829,0.00012225316931810856
2021-09-07,0.0001117161801481119,0.00011604268654717179
2021-09-08,0.00010545511212690466,0.00011023962694869744
2021-09-09,9.97078732992891e-05,0.00010481437110745532
2021-09-10,9.511753675399488e-05,9.97346101285684e-05
2021-09-11,9.170185134054157e-05,9.496663776822145e-05
2021-09-12,8.928502277209665e-05,9.047659680617287e-05
2021-09-13,8.70614146336489e-05,8.623168320856791e-05
2021-09-14,8.44160292893451e-05,8.220125474462704e-05
2021-09-15,8.169956787037428e-05,7.835778480080062e-05
2021-09-16,7.882223733348513e-05,7.467763028693072e-05
2021-09-17,7.546722071475328e-05,7.11415461969548e-05
2021-09-18,7.192455035064627e-05,6.773490585806385e-05
2021-09-19,6.838107322065203e-05,6.444761966735457e-05
2021-09-20,6.487156093451113e-05,6.12737399653754e-05
2021-09-21,6.144950207054852e-05,5.82107850105576e-05
2021-09-22,5.792304770077531e-05,5.525885991316957e-05
2021-09-23,5.4102527165098254e-05,5.241963815306216e-05
2021-09-24,5.0019485009708946e-05,4.9695326236956765e-05
2021-09-25,4.612982463749427e-05,4.70877049094344e-05
2021-09-26,4.285637204996372e-05,4.459733765067601e-05
2021-09-27,4.022518578527558e-05,4.222301558750078e-05
2021-09-28,3.818616568183141e-05,3.9961476566637836e-05
2021-09-29,3.6568196694944776e-05,3.780743028141355e-05
2021-09-30,3.5307867025877566e-05,3.575386842017055e-05
2021-10-01,3.4451000977025765e-05,3.3792587213878716e-05
2021-10-02,3.3706920799211976e-05,3.191487789690044e-05
2021-10-03,3.282972425000139e-05,3.0112290652895282e-05
2021-10-04,3.1767455606254874e-05,2.8377356945841387e-05
2021-10-05,3.0358035601223236e-05,2.670421515073524e-05
2021-10-06,2.8689482393205817e-05,2.5089062674701237e-05
2021-10-07,2.681584929664859e-05,2.3530360421001306e-05
2021-10-08,2.4810229300936713e-05,2.2028799955121387e-05
2021-10-09,2.2762818832265108e-05,2.0587044362392403e-05
2021-10-10,2.0694351773936195e-05,1.9209260736307462e-05
2021-10-11,1.8635162523310694e-05,1.7900512226439627e-05
2021-10-12,1.6662781282153655e-05,1.6666062248870225e-05
2021-10-13,1.4923636059001565e-05,1.551067128742889e-05
2021-10-14,1.3366819926368736e-05,1.4437982945417686e-05
2021-10-15,1.196119172100719e-05,1.345003230484542e-05
2021-10-16,1.091530042477192e-05,1.2546915073441107e-05
2021-10-17,1.0185742032928699e-05,1.1726661285332192e-05
2021-10-18,9.707733244731077e-06,1.0985303597484206e-05
2021-10-19,9.573487401092117e-06,1.0317120764172364e-05
2021-10-20,9.637867318894936e-06,9.715026648588266e-06
2021-10-21,9.750491836755505e-06,9.171050617222511e-06
2021-10-22,9.909666746310594e-06,8.676859471706366e-06
2021-10-23,9.96476885641e-06,8.224268477041159e-06
2021-10-24,9.821567911422527e-06,7.805702546597253e-06
2021-10-25,9.586476331876895e-06,7.414567700805212e-06
2021-10-26,9.216735525748677e-06,7.0454989918613495e-06
2021-10-27,8.6420761842581e-06,6.694482427052972e-06
2021-10-28,8.026675165461229e-06,6.358852962299856e-06
2021-10-29,7.451773794204478e-06,6.0371863761488534e-06
2021-10-30,6.922535372166267e-06,5.729112520948133e-06
2021-10-31,6.52713941082339e-06,5.435068970989532e-06
2021-11-01,6.196930133170586e-06,5.156028866269207e-06
2021-11-02,5.8530865120231995e-06,4.893233559089507e-06
2021-11-03,5.548209683230152e-06,4.647946303184968e-06
2021-11-04,5.252933368495418e-06,4.421253006744686e-06
2021-11-05,4.953300517969516e-06,4.213914393487694e-06
2021-11-06,4.698523850774902e-06,4.02627763142073e-06
2021-11-07,4.481342473926295e-06,3.858245284623174e-06
2021-11-08,4.329186427590309e-06,3.70930543928384e-06
2021-11-09,4.2825553593070645e-06,3.5785619584344824e-06
2021-11-10,4.3201506496530715e-06,3.4648507091627966e-06
2021-11-11,4.3867895119402e-06,3.3668418267299946e-06
2021-11-12,4.439148618022943e-06,3.2831514244393883e-06
2021-11-13,4.4695636919723956e-06,3.212443583333063e-06
2021-11-14,4.482391269579724e-06,3.1535233170455663e-06
2021-11-15,4.465529862536129e-06,3.105402480524437e-06
2021-11-16,4.393243639038226e-06,3.0673390183498336e-06
2021-11-17,4.2749717599668825e-06,3.0388639301944826e-06
2021-11-18,4.144679069175463e-06,3.0197928522109423e-06
2021-11-19,4.02051779912717e-06,3.01022705494796e-06
2021-11-20,3.930644079287144e-06,3.0105644698015102e-06
2021-11-21,3.87949512203528e-06,3.0215352191938225e-06
2021-11-22,3.858519208966693e-06,3.044279414213502e-06
2021-11-23,3.897082618377404e-06,3.0804834722829714e-06
2021-11-24,3.994862643912513e-06,3.1325607847763814e-06
2021-11-25,4.112489110274054e-06,3.2038826280408063e-06
2021-11-26,4.24092623952479e-06,3.2990953160263633e-06
2021-11-27,4.3722677259696395e-06,3.4245515627558626e-06
2021-11-28,4.456655437776341e-06,3.5888971333125502e-06
2021-11-29,4.49336328564637e-06,3.80376792582417e-06
2021-11-30,4.53539578837227e-06,4.084570190168689e-06
2021-12-01,4.5707321342339675e-06,4.451480245530502e-06
2021-12-02,4.584850537260902e-06,4.930655469348372e-06
2021-12-03,4.582510916187867e-06,5.555639315878863e-06
2021-12-04,4.540962472994319e-06,6.369155116170662e-06
2021-12-05,4.513855139182605e-06,7.425208763768036e-06
2021-12-06,4.567666423862405e-06,8.791359130409546e-06
2021-12-07,5.359749171967764e-06,1.0551359145248991e-05
2021-12-08,5.521021672829713e-06,1.2808109655441223e-05
2021-12-09,5.798549138044872e-06,1.568665109378535e-05
2021-12-10,6.2102417703102664e-06,1.9337234212746556e-05
2021-12-11,6.8343558606894735e-06,2.3938566477589826e-05
2021-12-12,7.756005210287724e-06,2.9700660864164598e-05
2021-12-13,9.09572064266067e-06,3.686696634281855e-05
2021-12-14,1.091997966691799e-05,4.5716153660514984e-05
2021-12-15,1.3181344448889185e-05,5.6562811029486616e-05
2021-12-16,1.598066072448093e-05,6.975667725379302e-05
2021-12-17,1.9670565863011667e-05,8.568086609365528e-05
2021-12-18,2.4470500185814318e-05,0.00010474849154909363
2021-12-19,3.0458800660541185e-05,0.00012739751094005672
2021-12-20,3.8091128660312966e-05,0.00015408404146234167
2021-12-21,4.858715285347931e-05,0.00018527392286420006
2021-12-22,6.386624996240471e-05,0.00022143284394391874
2021-12-23,8.528402870744101e-05,0.0002630152754888862
2021-12-24,0.00011267986200043605,0.0003104522703727176
2021-12-25,0.0001450729645522559,0.0003641387613564395
2021-12-26,0.0001824796330338231,0.00042442073837939816
2021-12-27,0.00022832305578134244,0.0004915824090267571
2021-12-28,0.0002863525159026464,0.00056583372695137
2021-12-29,0.0003561552719698164,0.0006472989731650352
2021-12-30,0.00043700692889268736,0.0007360070450782337
2021-12-31,0.0005277631699367793,0.0008318833386486063
2022-01-01,0.0006245525676389294,0.0009347435317888563
2022-01-02,0.0007289532367511938,0.0010442900235842325
2022-01-03,0.0008460540951371895,0.0011601108419124146
2022-01-04,0.0009745410825197584,0.0012816814478470147
2022-01-05,0.001113514009521903,0.0014083696617552641
2022-01-06,0.0012651952741332398,0.001539442822523722
2022-01-07,0.001424912653070919,0.0016740775810729983
2022-01-08,0.0015848804521400013,0.00181137206350585
2022-01-09,0.0017504004140451617,0.001950359415770551
2022-01-10,0.0019256347246753283,0.002090022753268225
2022-01-11,0.0020997289944302173,0.002229311234069587
2022-01-12,0.002274607359950928,0.00236715623193876
2022-01-13,0.002451518210771396,0.0025024873858868154
2022-01-14,0.002615823667309885,0.002634248845741548
2022-01-15,0.002767133093523787,0.0027614153366752273
2022-01-16,0.0029111074042907814,0.00288300779266608
2022-01-17,0.003048710846199313,0.0029981086928617296
2022-01-18,0.0031855715794320396,0.003105876622950683
2022-01-19,0.0033207431869266236,0.003205559963798881
2022-01-20,0.003450700021079179,0.003296509438991657
2022-01-21,0.003573569255559036,0.003378188444334911
2022-01-22,0.0036795470713042924,0.0034501806678646847
2022-01-23,0.0037631982058559327,0.0035121945370068974
2022-01-24,0.003830579131406157,0.0035640640534620105
2022-01-25,0.0038852269516344495,0.0036057459791256114
2022-01-26,0.003918801240121797,0.003637313412831567
2022-01-27,0.003922843621276469,0.0036589463709300377
2022-01-28,0.0039096108858405615,0.0036709201523351283
2022-01-29,0.003892766178850832,0.003673592322038065
2022-01-30,0.003872577588611615,0.003667389369285112
2022-01-31,0.0038536084250109814,0.0036527938404224145
2022-02-01,0.0038310189801678872,0.0036303324246787527
2022-02-02,0.003800476921267782,0.0036005651448794192
2022-02-03,0.0037726460798083797,0.003564075532600876
2022-02-04,0.0037408451434178033,0.003521461565590665
2022-02-05,0.003694568245359063,0.003473326947024884
2022-02-06,0.0036361220906569926,0.0034202725181136295
2022-02-07,0.003557362861739302,0.0033628880641347197
2022-02-08,0.0034553720023322632,0.0033017443826086107
2022-02-09,0.0033500496838704008,0.003237385919414282
2022-02-10,0.003255274377205779,0.0031703253052096825
2022-02-11,0.0031666773643823317,0.0031010400478184495
2022-02-12,0.003085340599131455,0.0030299713671424174
2022-02-13,0.0030159558284704713,0.0029575256908226507
2022-02-14,0.0029560516864569567,0.00288407844251162
2022-02-15,0.0029042803093230767,0.0028099793546048266
2022-02-16,0.00284983466462613,0.002735558196867
2022-02-17,0.002781154200584718,0.002661129622029929
2022-02-18,0.0027026868595650356,0.0025869964318872814
2022-02-19,0.0026164681119006227,0.0025134506089801584
2022-02-20,0.0025209207302818995,0.002440771774612354
2022-02-21,0.0024173068192628847,0.002369223711144126
2022-02-22,0.0023106833487780594,0.0022990501398537384
2022-02-23,0.0022106835069041733,0.002230470872294632
2022-02-24,0.0021220789104813864,0.0021636791402607214
2022-02-25,0.0020498573896076417,0.002098841150246156
2022-02-26,0.0019969854224503713,0.0020360989078855364
2022-02-27,0.0019565627403758962,0.0019755757667418205
2022-02-28,0.0019228977714028214,0.001917383597529355
2022-03-01,0.0018913716194734439,0.0018616307559429666
2022-03-02,0.0018538475665552813,0.0018084288240766376
2022-03-03,0.0018075182287138694,0.0017578967449169724
2022-03-04,0.0017528566127889044,0.0017101617207001246
2022-03-05,0.0016875845732679609,0.0016653555100288936
2022-03-06,0.0016104063634595205,0.00162360643426912
2022-03-07,0.001530017790155933,0.001585028398486518
2022-03-08,0.0014614008992664368,0.0015497077792392937
2022-03-09,0.0014069679207939195,0.0015176901979929787
2022-03-10,0.0013646138411853598,0.0014889695152191715
2022-03-11,0.00133817338005605,0.0014634801862758136
2022-03-12,0.001328064764841943,0.001441093671256684
2022-03-13,0.0013336929250246,0.0014216197170783854
2022-03-14,0.001348050130754161,0.0014048123766668675
2022-03-15,0.001358975354399346,0.0013903795983101234
2022-03-16,0.0013659548474431525,0.001377995289817444
2022-03-17,0.0013689488363273384,0.0013673124130010469
2022-03-18,0.0013644268328526943,0.0013579756125127545
2022-03-19,0.0013563643372818393,0.0013496324890868315
2022-03-20,0.0013487239416231948,0.0013419429366855547
2022-03-21,0.0013425708995542908,0.0013345863817694793
2022-03-22,0.001336984691197771,0.001327267012232276
2022-03-23,0.0013308022021739823,0.0013197176370563007
2022-03-24,0.0013266146838361939,0.0013117027322715516
2022-03-25,0.0013238485256385681,0.0013030209815122272
2022-03-26,0.0013209818444113908,0.00129350819501942
2022-03-27,0.0013206519578400928,0.0012830403842046764
2022-03-28,0.0013219367325155438,0.0012715363744209031
2022-03-29,0.0013223712566224185,0.0012589600307300012
2022-03-30,0.0013209204495273706,0.001245321257352618
2022-03-31,0.0013130514164162788,0.0012306750183550181
2022-04-01,0.0012957758964427563,0.0012151183298610673
2022-04-02,0.00127010549335283,0.0011987849183566432
2022-04-03,0.0012369003809354895,0.0011818378182979234
2022-04-04,0.001199575195808535,0.0011644605301459755
2022-04-05,0.0011616668802982735,0.0011468476377116607
2022-04-06,0.0011234398115859583,0.0011291962351637254
2022-04-07,0.0010880230311653015,0.0011116987246482723
2022-04-08,0.0010607494229042255,0.0010945377053605044
2022-04-09,0.001044377077341483,0.0010778835886026768
2022-04-10,0.001038505677243819,0.0010618944437753722
2022-04-11,0.0010384986583806002,0.0010467175790785886
2022-04-12,0.0010399104986832935,0.001032491772408622
2022-04-13,0.001039188927273734,0.0010193486501339707
2022-04-14,0.0010293695376302073,0.0010074124808727187
2022-04-15,0.0010117483184739966,0.0009967973545599714
2022-04-16,0.000993960502162068,0.0009876010348314848
2022-04-17,0.0009717174825909602,0.0009798961053250573
2022-04-18,0.0009400365929644077,0.0009737192291620131
2022-04-19,0.0009045881873209706,0.000969059645225154
2022-04-20,0.0008730481590183324,0.000965848737260648
2022-04-21,0.0008564896118888119,0.0009639525447980348
2022-04-22,0.0008597753273178287,0.0009631687063600035
2022-04-23,0.000874634744812205,0.0009632287785843854
2022-04-24,0.0009006514118209403,0.0009638063652203738
2022-04-25,0.0009383411744523447,0.0009645307970375254
2022-04-26,0.0009778202631450883,0.0009650051487533883
2022-04-27,0.0010146721187259914,0.000964827498738417
2022-04-28,0.0010445836094086199,0.0009636110956765551
2022-04-29,0.0010610249334547226,0.0009610063799242343
2022-04-30,0.0010649037024874593,0.00095671772671176
2022-05-01,0.0010567738419650183,0.0009505168980149663
2022-05-02,0.0010397276855332418,0.0009422513721038303
2022-05-03,0.0010209911125379034,0.0009318474713753309
2022-05-04,0.0010013878309498888,0.0009193086389849621
2022-05-05,0.0009805113114386107,0.0009047095105031854
2022-05-06,0.0009585245207132946,0.0008881868580808891
2022-05-07,0.0009348343244936318,0.0008699285690544581
2022-05-08,0.000910998991090852,0.0008501616377182269
2022-05-09,0.0008858233775195782,0.0008291400415383841
2022-05-10,0.0008570228841402864,0.0008071332105194507
2022-05-11,0.0008257995114483951,0.00078441568110772
2022-05-12,0.0007925378447423584,0.0007612582231849749
2022-05-13,0.0007581944663346922,0.0007379204366389488
2022-05-14,0.0007263634375765217,0.0007146450945196016
2022-05-15,0.0006961460212694467,0.000691654254558727
2022-05-16,0.0006660523628494765,0.0006691466915509794
2022-05-17,0.0006398400551130821,0.0006472966529015063
2022-05-18,0.0006171406480795552,0.0006262539466231931
2022-05-19,0.0005950284859353598,0.0006061450642328863
2022-05-20,0.0005754082622637128,0.0005870752837268219
2022-05-21,0.0005586221264773982,0.0005691313718724753
2022-05-22,0.0005421825773162474,0.0005523844809630642
2022-05-23,0.0005246930223528365,0.0005368933832256942
2022-05-24,0.0005056043767243007,0.0005227077111847334
2022-05-25,0.0004857190497821022,0.0005098709998443524
2022-05-26,0.0004941616127624426,0.0004984237527084616
2022-05-27,0.00046353080961473894,0.0004884062759478167
2022-05-28,0.0004491593241289736,0.0004798615658178041
2022-05-29,0.0004394074607902098,0.00047283850294484555
2022-05-30,0.000432574960491061,0.0004673949214337848
2022-05-31,0.00042864036325892624,0.00046360103388344597
2022-06-01,0.00042688621219027123,0.0004615433974790522
2022-06-02,0.00042610542416458743,0.000461328813800251
2022-06-03,0.0004259430221914834,0.00046308846774392867
2022-06-04,0.0004257749728571685,0.00046698253639173497
2022-06-05,0.0004258687997298561,0.0004732050821968041
2022-06-06,0.00042758761445264935,0.00048198892342434576
2022-06-07,0.00043047785324373453,0.0004936099132994866
2022-06-08,0.00043382762588419925,0.0005083907573935803
2022-06-09,0.0004389286452361249,0.0005267042596151063
2022-06-10,0.00044624100988501197,0.0005489754220423945
2022-06-11,0.00045611703449382416,0.0005756823139131378
2022-06-12,0.000470832605630503,0.0006073551112254067
2022-06-13,0.0004907290659419457,0.0006445727652082278
2022-06-14,0.0005151088856420327,0.0006879571026573306
2022-06-15,0.0005450933079608689,0.0007381639955286923
2022-06-16,0.0005795923115081862,0.0007958714294924523
2022-06-17,0.0006168953912498301,0.0008617646404811117
2022-06-18,0.0006573981851769095,0.0009365189776583623
2022-06-19,0.0007007183669354552,0.00102078105986563
2022-06-20,0.0007514131149927952,0.0011151487830614003
2022-06-21,0.0008169655056595595,0.0012201520461978502
2022-06-22,0.0008974848557134708,0.0013362353648005995
2022-06-23,0.000994339682129077,0.0014637424606043414
2022-06-24,0.001111246029259656,0.0016029055990273277
2022-06-25,0.0012435776594779309,0.0017538357096253592
2022-06-26,0.0013928474201756788,0.0019165178398815098
2022-06-27,0.0015692137040222507,0.0020908071189360187
2022-06-28,0.0017710070703671533,0.002276425745281342
2022-06-29,0.001994202644875468,0.0024729600536679
2022-06-30,0.002238138234106938,0.0026798566538824057
2022-07-01,0.0024872245394689883,0.0028964169885652502
2022-07-02,0.002718380230957066,0.0031217911347214905
2022-07-03,0.0029230993337920927,0.0033549724814050134
2022-07-04,0.0031181337768867636,0.0035947955227719906
2022-07-05,0.0033327534300135755,0.0038399382606336715
2022-07-06,0.0035816600686125345,0.004088931552599439
2022-07-07,0.0038695134110952384,0.004340177360972683
2022-07-08,0.004195646504102695,0.00459197645291337
2022-07-09,0.004547765526338583,0.004842565008641913
2022-07-10,0.004915638669437811,0.005090158185077515
2022-07-11,0.005283586922441142,0.005332997694348683
2022-07-12,0.005630996771516543,0.00556940036470805
2022-07-13,0.005945506385003397,0.005797803638456799
2022-07-14,0.006216772540167582,0.006016804827857268
2022-07-15,0.006440009179059559,0.006225192386820268
2022-07-16,0.006621270434250452,0.006421967396404719
2022-07-17,0.006779375572239043,0.006606355464784908
2022-07-18,0.006938086591408963,0.006777809876063003
2022-07-19,0.007096938471902797,0.006936007121393287
2022-07-20,0.007251921748614073,0.007080836212155469
2022-07-21,0.00740931451232422,0.007212382176608217
2022-07-22,0.007560028061253797,0.007330903635980373
2022-07-23,0.007691565269102894,0.007436803715856578
2022-07-24,0.007811292392481664,0.007530592985115999
2022-07-25,0.007919314310955454,0.007612844188344806
2022-07-26,0.008002005071394909,0.007684138695453114
2022-07-27,0.008039828999193362,0.007745005585937237
2022-07-28,0.008031348356863144,0.007795856919141293
2022-07-29,0.007995603384079553,0.0078369246037953
2022-07-30,0.007945636016146162,0.007868205101098143
2022-07-31,0.007885928805685725,0.007889419110869877
2022-08-01,0.007828800503060483,0.007899993938695078
2022-08-02,0.007813580541891093,0.007899074162994237
2022-08-03,0.007864157824835249,0.007885563452494535
2022-08-04,0.007975453599279514,0.007858196866996974
2022-08-05,0.008127552365237503,0.007815639178285668
2022-08-06,0.008288639309945384,0.007756601479652807
2022-08-07,0.00842567091619303,0.007679965889195948
2022-08-08,0.008506842859173141,0.007584906602806837
2022-08-09,0.008497619911550059,0.0074709946085404905
2022-08-10,0.008390362807137387,0.007338276147750703
2022-08-11,0.008193785101576988,0.007187318053989024
2022-08-12,0.007917235759323536,0.007019215435715759
2022-08-13,0.007593458019323915,0.006835561755939145
2022-08-14,0.0072506769088500405,0.006638385581026261
2022-08-15,0.006905537621687725,0.006430061125628277
2022-08-16,0.006569008946840066,0.0062132013524488685
2022-08-17,0.006241284104737058,0.005990542300225879
2022-08-18,0.005922567207148178,0.005764827805735927
2022-08-19,0.005620651612544293,0.0055387028830247275
2022-08-20,0.005343909130537431,0.005314621315004287
2022-08-21,0.005088832669139114,0.005094770805374651
2022-08-22,0.004839473918936938,0.004881018106325879
2022-08-23,0.0045920815799083544,0.004674874648855256
2022-08-24,0.004351086571659335,0.004477481118542986
2022-08-25,0.004120622278536632,0.004289609052872339
2022-08-26,0.003907901106895705,0.004111678134724247
2022-08-27,0.0037227558386938087,0.003943786759932758
2022-08-28,0.003573064462143382,0.003785753202346195
2022-08-29,0.0034525642956914444,0.0036371647201679583
2022-08-30,0.003356912034507378,0.0034974313936374157
2022-08-31,0.0032819183046918538,0.0033658430849638384
2022-09-01,0.003216037076249445,0.003241625977040042
2022-09-02,0.003154245666795878,0.0031239951020011307
2022-09-03,0.0030901916824115096,0.0030122008652720272
2022-09-04,0.0030060520511151377,0.0029055670413441854
2022-09-05,0.002898393419320378,0.002803518718974399
2022-09-06,0.0027846729906785624,0.002705600086877972
2022-09-07,0.002666955843831294,0.0026114813335575645
2022-09-08,0.002542241293737522,0.002520956096571556
2022-09-09,0.0024273306433822413,0.002433931310097183
2022-09-10,0.002337464587818145,0.002350410627951215
2022-09-11,0.002266423446114041,0.0022704741937846023
2022-09-12,0.0021967925311808557,0.00219425671140199
2022-09-13,0.0021188931533458,0.002121925537977684
2022-09-14,0.0020332740747653825,0.002053660639105911
2022-09-15,0.0019460258131522462,0.001989637322245655
2022-09-16,0.0018608085846602697,0.0019300126863948512
2022-09-17,0.001778808899879837,0.001874916473428453
2022-09-18,0.0017131292015560642,0.0018244461231686306
2022-09-19,0.0016711225153385558,0.0017786654958851693
2022-09-20,0.001639491322490658,0.0017376065371125077
2022-09-21,0.0016160896257522768,0.0017012737158043465
2022-09-22,0.0016008974173294089,0.0016696502339016484
2022-09-23,0.0015835386391163215,0.001642704625913935
2022-09-24,0.0015622059741723904,0.0016203975748955303
2022-09-25,0.0015340338707426804,0.001602688534073241
2022-09-26,0.0015008552202464417,0.001589540858351683
2022-09-27,0.0014771192804009718,0.0015809255783413281
2022-09-28,0.0014615326441358254,0.0015768241825739663
2022-09-29,0.0014522372489360693,0.0015772300824677087
2022-09-30,0.0014548932029134964,0.001582148958735519
2022-10-01,0.0014656068118664549,0.0015915983982553558
2022-10-02,0.0014854121883092265,0.0016056068921100172
2022-10-03,0.0015133560576694326,0.0016242120268920226
2022-10-04,0.0015359961674102464,0.0016474580596914084
2022-10-05,0.0015543075747830024,0.001675393564449028
2022-10-06,0.0015725278982870875,0.001708068384261893
2022-10-07,0.0015888405431741734,0.0017455299548363415
2022-10-08,0.0016107932883790473,0.001787819692854034
2022-10-09,0.0016464707348578756,0.0018349693997708944
2022-10-10,0.0016951038733669284,0.0018869974448035493
2022-10-11,0.001754197941753052,0.00194390481801924
2022-10-12,0.0018198841748805117,0.002005671507732625
2022-10-13,0.0018903475108561646,0.002072253221319589
2022-10-14,0.0019621503202344242,0.0021435786239641453
2022-10-15,0.00203163496851225,0.0022195468991657147
2022-10-16,0.0021032880421418356,0.0023000255967969697
2022-10-17,0.002182322136197314,0.00238484920916904
2022-10-18,0.0022684098650816364,0.002473818478701248
2022-10-19,0.0023582142837319463,0.0025667000979763825
2022-10-20,0.0024552677359089945,0.002663227589140094
2022-10-21,0.0025666958199587683,0.002763103510291754
2022-10-22,0.002681824942516317,0.002866002856674441
2022-10-23,0.0027921930168668284,0.0029715779199674885
2022-10-24,0.0029121676560198094,0.003079464644049299
2022-10-25,0.003036220658086034,0.00318928985917839
2022-10-26,0.003155870977352339,0.0033006799627760875
2022-10-27,0.003275879984732117,0.00341326897379198
2022-10-28,0.0033963361017666106,0.003526706009077958
2022-10-29,0.003519040433299114,0.003640662053736888
2022-10-30,0.003645835551939523,0.0037548344557479913
2022-10-31,0.0037746563790462375,0.0038689479785606867
2022-11-01,0.003906132918100612,0.003982753202934986
2022-11-02,0.004034646690110638,0.0040960208991673375
2022-11-03,0.004155585253145709,0.0042085334507528105
2022-11-04,0.004264902837634428,0.00432007431576689
2022-11-05,0.004362184765910746,0.004430416876839242
2022-11-06,0.004450640514027335,0.004539314646752073
2022-11-07,0.004535924704087954,0.004646494521026728
2022-11-08,0.004625952032152912,0.004751654732168721
2022-11-09,0.004726904261156701,0.004854468403210568
2022-11-10,0.004844198339972693,0.00495459304265756
2022-11-11,0.004976527307863541,0.005051685287998176
2022-11-12,0.005120778662036217,0.0051454189145347115
2022-11-13,0.005269523702200896,0.005235503667757103
2022-11-14,0.005413863800621171,0.00532170203498163
2022-11-15,0.005542856791568225,0.005403840969528321
2022-11-16,0.005645694432450525,0.00548181629441919
2022-11-17,0.005716338887367866,0.005555588292928789
2022-11-18,0.005753931434709857,0.0056251688337644636
2022-11-19,0.005762721471757837,0.005690601676234579
2022-11-20,0.0057571991592595875,0.00575193784303568
2022-11-21,0.005750128663023699,0.005809209950864475
2022-11-22,0.0057624065103554535,0.005862409781470636
2022-11-23,0.0058032574237628825,0.005911471672836672
2022-11-24,0.005888566462212829,0.005956264740985032
2022-11-25,0.006001799281552388,0.005996595681013179
2022-11-26,0.006109231454162595,0.006032221589803594
2022-11-27,0.006195393244155368,0.006062871281789909
2022-11-28,0.006265975174716448,0.006088273768505491
2022-11-29,0.006304964959898572,0.0061081894692556595
2022-11-30,0.006322647977321746,0.006122441514896477
2022-12-01,0.006331305059351507,0.0061309444078324
2022-12-02,0.0063341674647194824,0.006133727641351232
2022-12-03,0.006326794753982228,0.006130951776251034
2022-12-04,0.006309958518034316,0.006122916940101272
2022-12-05,0.006286842174390256,0.006110063203539241
2022-12-06,0.006255208883951051,0.006092963778786688
2022-12-07,0.006217933476279341,0.006072311772140157
2022-12-08,0.006173456472915062,0.006048901823655212
2022-12-09,0.00612064154410602,0.0060236078928680254
2022-12-10,0.006062142142855391,0.005997358196696239
